200, 1953, 215, 1975, 
221, 1954, 239, 1974, 
239, 1956, 259, 1985, 
272, 1955, 283, 1975, 
286, 1958, 302, 1984, 
305, 1953, 323, 1974, 
324, 1953, 344, 1973, 
343, 1957, 355, 1985, 
359, 1955, 375, 1985, 
380, 1954, 393, 1975, 
392, 1956, 405, 1973, 
411, 1956, 423, 1975, 
423, 1949, 428, 1960, 
445, 1955, 457, 1979, 
456, 1958, 473, 1986, 
477, 1953, 493, 1973, 
494, 1956, 503, 1977, 
517, 1958, 529, 1982, 
528, 1955, 547, 1973, 
548, 1956, 564, 1976, 
568, 1957, 589, 1983, 
589, 1957, 605, 1976, 
608, 1955, 624, 1982, 
636, 1954, 656, 1974, 
658, 1954, 668, 1976, 
681, 1956, 692, 1979, 
693, 1955, 713, 1986, 
715, 1954, 732, 1974, 
733, 1957, 754, 1974, 
754, 1947, 772, 1977, 
774, 1956, 795, 1984, 
807, 1955, 820, 1977, 
823, 1954, 841, 1975, 
841, 1957, 875, 1977, 
876, 1953, 889, 1973, 
895, 1957, 912, 1983, 
923, 1954, 932, 1980, 
937, 1956, 954, 1976, 
968, 1956, 986, 1974, 
987, 1957, 997, 1982, 
997, 1955, 1018, 1984, 
1031, 1954, 1038, 1983, 
1042, 1953, 1060, 1976, 
1060, 1953, 1077, 1975, 
1079, 1954, 1095, 1974, 
1096, 1946, 1113, 1973, 
1114, 1950, 1122, 1958, 
1139, 1953, 1154, 1976, 
1155, 1958, 1172, 1973, 
1176, 1956, 1194, 1984, 
1208, 1956, 1225, 1983, 
1229, 1953, 1241, 1975, 
1245, 1958, 1254, 1973, 
1269, 1957, 1279, 1974, 
1282, 1955, 1299, 1974, 
1304, 1955, 1319, 1976, 
1321, 1955, 1343, 1973, 
1342, 1956, 1359, 1984, 
1363, 1955, 1380, 1976, 
1380, 1953, 1399, 1984, 
1411, 1955, 1430, 1976, 
1429, 1955, 1441, 1973, 
1441, 1957, 1473, 1973, 
1476, 1957, 1485, 1975, 
1491, 1951, 1496, 1958, 
199, 1896, 226, 1912, 
229, 1897, 239, 1924, 
241, 1897, 250, 1917, 
249, 1897, 272, 1924, 
283, 1895, 293, 1917, 
298, 1897, 303, 1924, 
305, 1895, 325, 1914, 
324, 1888, 345, 1912, 
346, 1887, 355, 1902, 
372, 1893, 383, 1913, 
387, 1895, 393, 1922, 
397, 1897, 413, 1913, 
416, 1894, 434, 1915, 
434, 1893, 450, 1922, 
455, 1895, 469, 1916, 
472, 1895, 483, 1915, 
498, 1896, 523, 1913, 
527, 1897, 541, 1914, 
541, 1896, 548, 1922, 
550, 1897, 563, 1916, 
567, 1894, 575, 1920, 
577, 1894, 593, 1914, 
596, 1895, 602, 1902, 
616, 1895, 637, 1923, 
639, 1894, 659, 1922, 
662, 1893, 677, 1914, 
688, 1897, 719, 1912, 
717, 1894, 736, 1922, 
738, 1894, 757, 1913, 
760, 1894, 770, 1926, 
769, 1895, 788, 1916, 
800, 1886, 821, 1916, 
823, 1896, 841, 1916, 
839, 1897, 869, 1912, 
868, 1894, 891, 1916, 
904, 1895, 929, 1913, 
931, 1894, 948, 1916, 
951, 1895, 962, 1917, 
978, 1895, 986, 1919, 
987, 1894, 1000, 1914, 
1003, 1895, 1011, 1923, 
1015, 1897, 1042, 1915, 
1042, 1897, 1075, 1917, 
1075, 1897, 1091, 1917, 
1096, 1895, 1112, 1923, 
1127, 1896, 1151, 1916, 
1154, 1898, 1163, 1924, 
1166, 1895, 1174, 1921, 
1178, 1895, 1195, 1922, 
1208, 1897, 1238, 1923, 
1240, 1893, 1253, 1914, 
1257, 1894, 1274, 1913, 
1275, 1894, 1293, 1914, 
1294, 1894, 1306, 1919, 
1304, 1895, 1314, 1920, 
1316, 1897, 1334, 1913, 
1336, 1896, 1352, 1916, 
1368, 1888, 1385, 1918, 
1387, 1893, 1403, 1913, 
1405, 1898, 1418, 1922, 
1419, 1886, 1434, 1914, 
1436, 1893, 1454, 1912, 
1456, 1897, 1472, 1913, 
1471, 1896, 1489, 1914, 
1488, 1894, 1495, 1898, 
199, 1833, 225, 1860, 
229, 1837, 248, 1855, 
263, 1837, 283, 1863, 
286, 1834, 298, 1853, 
302, 1836, 316, 1856, 
331, 1838, 348, 1864, 
354, 1833, 366, 1856, 
367, 1837, 383, 1853, 
389, 1834, 407, 1862, 
409, 1829, 415, 1840, 
433, 1836, 448, 1853, 
447, 1837, 481, 1855, 
483, 1837, 497, 1856, 
500, 1835, 518, 1856, 
520, 1827, 537, 1857, 
554, 1834, 574, 1862, 
578, 1836, 590, 1855, 
595, 1835, 603, 1855, 
619, 1835, 639, 1865, 
641, 1834, 651, 1863, 
653, 1837, 672, 1854, 
671, 1834, 688, 1857, 
686, 1837, 709, 1865, 
721, 1834, 744, 1866, 
742, 1834, 762, 1857, 
763, 1838, 773, 1861, 
771, 1837, 786, 1854, 
782, 1846, 827, 1847, 
827, 1834, 845, 1862, 
847, 1837, 862, 1857, 
864, 1835, 877, 1856, 
892, 1835, 911, 1856, 
912, 1836, 939, 1854, 
940, 1837, 960, 1857, 
960, 1828, 967, 1842, 
987, 1834, 1015, 1852, 
1013, 1835, 1023, 1863, 
1024, 1833, 1037, 1859, 
1039, 1837, 1056, 1862, 
1071, 1837, 1090, 1854, 
1092, 1835, 1112, 1854, 
1128, 1836, 1138, 1863, 
1140, 1833, 1159, 1856, 
1158, 1836, 1170, 1863, 
1171, 1833, 1185, 1853, 
1184, 1836, 1200, 1853, 
1220, 1835, 1235, 1855, 
1238, 1837, 1254, 1863, 
1256, 1837, 1273, 1865, 
1278, 1836, 1287, 1862, 
1288, 1835, 1299, 1860, 
1298, 1838, 1309, 1864, 
1308, 1833, 1328, 1855, 
1329, 1836, 1347, 1856, 
1351, 1837, 1361, 1853, 
1364, 1845, 1402, 1848, 
1403, 1836, 1434, 1852, 
1434, 1836, 1451, 1853, 
1453, 1837, 1462, 1853, 
1483, 1833, 1501, 1857, 
202, 1776, 209, 1802, 
210, 1777, 221, 1801, 
224, 1774, 235, 1798, 
234, 1777, 246, 1800, 
244, 1777, 257, 1806, 
258, 1776, 274, 1796, 
282, 1776, 311, 1794, 
312, 1774, 325, 1797, 
328, 1775, 340, 1795, 
344, 1773, 362, 1794, 
359, 1777, 374, 1798, 
372, 1775, 393, 1806, 
406, 1776, 419, 1796, 
421, 1776, 435, 1802, 
444, 1767, 466, 1793, 
466, 1777, 481, 1795, 
485, 1775, 505, 1797, 
504, 1775, 520, 1796, 
520, 1777, 531, 1803, 
532, 1777, 547, 1793, 
548, 1773, 561, 1793, 
565, 1769, 572, 1778, 
587, 1774, 601, 1797, 
602, 1778, 620, 1796, 
625, 1777, 643, 1806, 
652, 1777, 669, 1794, 
681, 1773, 699, 1806, 
699, 1775, 719, 1796, 
718, 1773, 741, 1792, 
741, 1769, 759, 1796, 
759, 1774, 778, 1792, 
783, 1773, 796, 1794, 
798, 1773, 808, 1801, 
818, 1773, 839, 1796, 
842, 1775, 850, 1804, 
865, 1775, 873, 1799, 
872, 1776, 895, 1804, 
897, 1775, 911, 1796, 
924, 1777, 937, 1795, 
939, 1776, 953, 1794, 
957, 1775, 984, 1796, 
987, 1775, 1004, 1795, 
1016, 1775, 1023, 1800, 
1028, 1777, 1044, 1795, 
1057, 1773, 1065, 1798, 
1065, 1777, 1088, 1806, 
1087, 1775, 1102, 1794, 
1114, 1774, 1133, 1803, 
1133, 1778, 1145, 1805, 
1147, 1773, 1163, 1797, 
1164, 1774, 1178, 1795, 
1182, 1777, 1203, 1803, 
1210, 1777, 1222, 1795, 
1226, 1777, 1237, 1800, 
1237, 1774, 1254, 1802, 
1256, 1775, 1273, 1804, 
1278, 1775, 1296, 1797, 
1298, 1776, 1315, 1794, 
1325, 1775, 1343, 1796, 
1347, 1776, 1357, 1806, 
1371, 1778, 1391, 1806, 
1389, 1775, 1405, 1797, 
1410, 1777, 1422, 1793, 
1432, 1775, 1443, 1797, 
1447, 1775, 1463, 1796, 
1467, 1773, 1478, 1794, 
1480, 1774, 1497, 1806, 
199, 1716, 216, 1736, 
219, 1715, 249, 1736, 
249, 1713, 268, 1734, 
269, 1715, 289, 1736, 
291, 1709, 310, 1739, 
321, 1717, 347, 1733, 
351, 1714, 368, 1742, 
369, 1715, 380, 1742, 
380, 1713, 393, 1737, 
392, 1715, 409, 1733, 
421, 1714, 429, 1745, 
433, 1715, 448, 1735, 
451, 1716, 463, 1736, 
468, 1713, 485, 1734, 
488, 1717, 491, 1721, 
505, 1714, 534, 1744, 
537, 1717, 550, 1735, 
551, 1718, 563, 1733, 
577, 1713, 593, 1733, 
597, 1715, 611, 1736, 
616, 1716, 627, 1741, 
628, 1715, 638, 1742, 
641, 1718, 654, 1744, 
653, 1716, 670, 1732, 
673, 1718, 686, 1733, 
686, 1714, 701, 1737, 
716, 1717, 741, 1735, 
744, 1717, 763, 1737, 
763, 1713, 773, 1734, 
790, 1718, 806, 1735, 
809, 1716, 824, 1734, 
829, 1717, 837, 1740, 
850, 1713, 863, 1734, 
867, 1715, 879, 1738, 
879, 1715, 890, 1737, 
889, 1718, 900, 1743, 
903, 1716, 920, 1744, 
924, 1716, 930, 1743, 
932, 1714, 953, 1733, 
955, 1707, 974, 1735, 
976, 1713, 978, 1718, 
996, 1718, 1021, 1743, 
1021, 1715, 1034, 1745, 
1035, 1715, 1042, 1745, 
1055, 1715, 1066, 1738, 
1067, 1717, 1085, 1742, 
1088, 1714, 1105, 1736, 
1104, 1714, 1114, 1741, 
1126, 1714, 1154, 1734, 
1159, 1716, 1172, 1736, 
1176, 1717, 1190, 1734, 
1200, 1718, 1218, 1734, 
1222, 1717, 1238, 1733, 
1243, 1717, 1249, 1739, 
1250, 1716, 1262, 1742, 
1264, 1714, 1280, 1734, 
1284, 1715, 1298, 1734, 
1297, 1713, 1314, 1737, 
1316, 1716, 1336, 1742, 
1336, 1714, 1347, 1744, 
1346, 1713, 1365, 1734, 
1377, 1716, 1403, 1735, 
1406, 1713, 1423, 1736, 
1425, 1717, 1435, 1736, 
1452, 1717, 1462, 1737, 
1461, 1717, 1482, 1742, 
1481, 1713, 1499, 1735, 
199, 1657, 209, 1682, 
214, 1658, 220, 1680, 
221, 1657, 232, 1678, 
236, 1656, 242, 1681, 
245, 1658, 257, 1684, 
259, 1656, 272, 1674, 
284, 1654, 313, 1676, 
314, 1658, 325, 1684, 
323, 1656, 333, 1685, 
334, 1655, 348, 1682, 
349, 1655, 365, 1673, 
367, 1658, 378, 1684, 
391, 1653, 398, 1680, 
401, 1655, 418, 1673, 
417, 1654, 435, 1676, 
438, 1653, 457, 1682, 
459, 1657, 471, 1673, 
471, 1657, 481, 1680, 
485, 1654, 492, 1685, 
493, 1655, 505, 1674, 
519, 1654, 537, 1675, 
539, 1658, 554, 1682, 
562, 1658, 582, 1683, 
583, 1654, 597, 1677, 
601, 1658, 613, 1677, 
628, 1655, 641, 1673, 
640, 1656, 660, 1674, 
662, 1657, 676, 1673, 
676, 1658, 687, 1682, 
689, 1647, 704, 1674, 
716, 1657, 734, 1683, 
737, 1656, 756, 1673, 
756, 1657, 767, 1680, 
765, 1658, 780, 1673, 
789, 1657, 798, 1678, 
802, 1658, 822, 1686, 
820, 1653, 836, 1675, 
837, 1655, 849, 1678, 
857, 1654, 890, 1675, 
890, 1654, 905, 1673, 
911, 1655, 926, 1673, 
929, 1657, 941, 1686, 
943, 1656, 961, 1682, 
972, 1654, 986, 1676, 
988, 1654, 997, 1686, 
998, 1655, 1027, 1672, 
1027, 1653, 1045, 1673, 
1047, 1645, 1063, 1673, 
1065, 1654, 1081, 1673, 
1090, 1656, 1107, 1686, 
1113, 1655, 1124, 1674, 
1124, 1657, 1143, 1675, 
1145, 1655, 1159, 1677, 
1161, 1656, 1179, 1685, 
1193, 1657, 1205, 1682, 
1202, 1657, 1216, 1676, 
1219, 1654, 1232, 1676, 
1234, 1654, 1250, 1674, 
1265, 1657, 1280, 1677, 
1280, 1657, 1297, 1686, 
1304, 1657, 1317, 1674, 
1322, 1653, 1340, 1673, 
1341, 1657, 1351, 1680, 
1360, 1657, 1379, 1684, 
1385, 1657, 1397, 1673, 
1400, 1654, 1413, 1674, 
1426, 1656, 1441, 1673, 
1446, 1653, 1458, 1677, 
1463, 1656, 1475, 1673, 
1478, 1656, 1496, 1683, 
203, 1593, 217, 1614, 
220, 1595, 235, 1616, 
238, 1593, 258, 1622, 
268, 1597, 279, 1617, 
282, 1593, 295, 1616, 
297, 1596, 327, 1617, 
327, 1587, 345, 1613, 
346, 1597, 359, 1622, 
360, 1597, 374, 1613, 
377, 1593, 388, 1615, 
394, 1594, 398, 1600, 
415, 1597, 439, 1622, 
439, 1593, 456, 1614, 
457, 1595, 476, 1616, 
481, 1595, 497, 1616, 
499, 1596, 520, 1622, 
529, 1595, 549, 1626, 
549, 1597, 563, 1616, 
567, 1594, 580, 1617, 
589, 1594, 618, 1614, 
618, 1593, 633, 1613, 
639, 1597, 645, 1624, 
647, 1594, 657, 1624, 
661, 1606, 670, 1608, 
671, 1597, 688, 1616, 
692, 1596, 710, 1613, 
711, 1596, 722, 1617, 
723, 1588, 727, 1599, 
740, 1597, 753, 1615, 
757, 1594, 766, 1619, 
770, 1598, 781, 1616, 
781, 1597, 800, 1614, 
801, 1595, 821, 1613, 
821, 1589, 838, 1615, 
854, 1594, 869, 1614, 
874, 1595, 887, 1616, 
891, 1595, 903, 1616, 
909, 1594, 926, 1625, 
938, 1595, 964, 1613, 
964, 1593, 980, 1616, 
986, 1594, 995, 1613, 
1008, 1596, 1024, 1615, 
1035, 1595, 1047, 1620, 
1050, 1595, 1065, 1623, 
1066, 1596, 1082, 1613, 
1083, 1595, 1097, 1613, 
1097, 1593, 1115, 1617, 
1116, 1593, 1134, 1623, 
1145, 1595, 1165, 1613, 
1167, 1595, 1178, 1622, 
1190, 1587, 1207, 1617, 
1212, 1596, 1224, 1613, 
1229, 1593, 1244, 1615, 
1245, 1597, 1259, 1614, 
1256, 1595, 1267, 1625, 
1273, 1594, 1281, 1614, 
1285, 1593, 1290, 1601, 
282, 1538, 308, 1560, 
311, 1534, 319, 1562, 
318, 1536, 331, 1559, 
332, 1534, 343, 1561, 
340, 1527, 361, 1552, 
374, 1538, 393, 1566, 
391, 1536, 410, 1554, 
412, 1535, 429, 1562, 
439, 1533, 461, 1564, 
464, 1537, 475, 1554, 
481, 1534, 496, 1557, 
499, 1538, 518, 1556, 
527, 1533, 542, 1557, 
544, 1534, 557, 1555, 
562, 1534, 576, 1556, 
580, 1535, 587, 1564, 
591, 1535, 607, 1557, 
610, 1527, 630, 1555, 
637, 1538, 669, 1562, 
671, 1538, 688, 1556, 
690, 1538, 709, 1553, 
710, 1537, 724, 1557, 
737, 1534, 752, 1556, 
755, 1533, 772, 1556, 
773, 1535, 789, 1557, 
792, 1538, 803, 1555, 
808, 1526, 826, 1554, 
835, 1535, 853, 1562, 
857, 1536, 873, 1553, 
875, 1528, 893, 1553, 
895, 1527, 904, 1554, 
915, 1537, 930, 1556, 
929, 1538, 948, 1565, 
954, 1535, 969, 1555, 
978, 1536, 996, 1556, 
998, 1535, 1016, 1565, 
1016, 1536, 1034, 1553, 
1035, 1536, 1049, 1555, 
1052, 1534, 1067, 1555, 
1068, 1533, 1088, 1565, 
1100, 1534, 1115, 1564, 
1120, 1534, 1136, 1555, 
1136, 1535, 1147, 1555, 
1150, 1531, 1154, 1539, 
1170, 1534, 1185, 1556, 
1189, 1537, 1209, 1556, 
1208, 1534, 1227, 1566, 
1240, 1538, 1255, 1562, 
1261, 1537, 1273, 1554, 
1276, 1537, 1293, 1563, 
1305, 1526, 1324, 1555, 
1325, 1537, 1336, 1560, 
1340, 1536, 1352, 1553, 
1357, 1534, 1368, 1561, 
1365, 1533, 1385, 1552, 
1386, 1537, 1398, 1556, 
1402, 1536, 1417, 1557, 
1417, 1537, 1436, 1562, 
1447, 1537, 1469, 1566, 
1467, 1533, 1482, 1554, 
1486, 1534, 1496, 1557, 
200, 1476, 211, 1500, 
211, 1475, 231, 1497, 
233, 1473, 253, 1492, 
254, 1473, 269, 1495, 
267, 1474, 281, 1493, 
284, 1478, 294, 1502, 
293, 1476, 313, 1496, 
310, 1474, 328, 1505, 
332, 1475, 341, 1503, 
344, 1466, 363, 1495, 
378, 1477, 386, 1502, 
387, 1476, 407, 1497, 
424, 1476, 432, 1506, 
433, 1476, 445, 1503, 
442, 1476, 454, 1503, 
456, 1477, 472, 1494, 
473, 1474, 488, 1496, 
492, 1474, 500, 1479, 
516, 1474, 541, 1501, 
542, 1476, 560, 1496, 
561, 1473, 572, 1501, 
590, 1474, 607, 1496, 
609, 1477, 625, 1494, 
628, 1473, 655, 1494, 
670, 1474, 683, 1495, 
685, 1474, 704, 1496, 
704, 1477, 718, 1495, 
724, 1474, 731, 1502, 
736, 1478, 752, 1494, 
753, 1465, 770, 1496, 
785, 1478, 805, 1502, 
808, 1476, 823, 1496, 
824, 1475, 839, 1496, 
853, 1477, 865, 1501, 
862, 1474, 883, 1497, 
898, 1473, 917, 1504, 
916, 1477, 926, 1503, 
931, 1475, 944, 1495, 
946, 1476, 965, 1493, 
965, 1478, 985, 1504, 
984, 1471, 994, 1480, 
1009, 1473, 1024, 1493, 
1026, 1475, 1043, 1505, 
1044, 1474, 1061, 1496, 
1077, 1477, 1090, 1503, 
1093, 1473, 1108, 1497, 
1108, 1477, 1118, 1506, 
1121, 1476, 1128, 1500, 
1147, 1477, 1154, 1498, 
1154, 1474, 1173, 1502, 
1176, 1476, 1195, 1496, 
1194, 1477, 1204, 1499, 
1218, 1475, 1233, 1494, 
1237, 1476, 1255, 1505, 
1254, 1474, 1270, 1496, 
1289, 1475, 1304, 1504, 
1305, 1476, 1324, 1493, 
1328, 1477, 1343, 1505, 
1358, 1474, 1378, 1496, 
1380, 1474, 1399, 1493, 
1397, 1473, 1408, 1497, 
1424, 1475, 1439, 1504, 
1440, 1477, 1455, 1496, 
1457, 1477, 1469, 1502, 
1469, 1478, 1480, 1502, 
1480, 1469, 1501, 1495, 
199, 1416, 214, 1436, 
217, 1413, 232, 1435, 
236, 1416, 252, 1433, 
253, 1416, 270, 1434, 
286, 1415, 304, 1442, 
308, 1417, 320, 1437, 
324, 1417, 333, 1437, 
353, 1417, 364, 1433, 
366, 1416, 386, 1442, 
389, 1417, 405, 1437, 
408, 1415, 420, 1435, 
419, 1416, 450, 1433, 
452, 1415, 455, 1420, 
474, 1415, 494, 1444, 
495, 1415, 517, 1444, 
519, 1416, 531, 1434, 
551, 1417, 560, 1434, 
566, 1417, 578, 1436, 
582, 1415, 609, 1436, 
624, 1414, 642, 1442, 
643, 1414, 660, 1434, 
660, 1416, 672, 1437, 
687, 1417, 710, 1435, 
708, 1414, 728, 1434, 
727, 1413, 758, 1433, 
774, 1416, 786, 1434, 
792, 1415, 805, 1436, 
822, 1416, 831, 1436, 
834, 1417, 854, 1436, 
854, 1416, 883, 1433, 
888, 1417, 902, 1434, 
903, 1417, 923, 1433, 
925, 1414, 941, 1437, 
942, 1417, 957, 1437, 
975, 1408, 992, 1433, 
997, 1415, 1013, 1432, 
1016, 1414, 1024, 1440, 
1028, 1415, 1037, 1438, 
1038, 1414, 1055, 1435, 
1070, 1416, 1086, 1437, 
1087, 1415, 1103, 1435, 
1106, 1417, 1134, 1432, 
1147, 1414, 1166, 1435, 
1167, 1418, 1185, 1433, 
1186, 1413, 1208, 1446, 
1223, 1415, 1235, 1437, 
1234, 1414, 1255, 1436, 
1258, 1416, 1269, 1434, 
1269, 1407, 1285, 1433, 
1289, 1418, 1300, 1435, 
1305, 1418, 1312, 1441, 
1317, 1417, 1328, 1434, 
1331, 1416, 1339, 1440, 
1343, 1416, 1358, 1433, 
1362, 1408, 1380, 1437, 
1392, 1417, 1403, 1441, 
1404, 1414, 1425, 1435, 
1438, 1414, 1460, 1443, 
1461, 1413, 1476, 1436, 
1479, 1418, 1488, 1433, 
1494, 1417, 1498, 1421, 
202, 1356, 227, 1381, 
229, 1354, 246, 1377, 
248, 1353, 277, 1373, 
293, 1356, 304, 1373, 
308, 1357, 324, 1383, 
328, 1353, 344, 1374, 
356, 1356, 373, 1373, 
377, 1357, 397, 1374, 
398, 1356, 416, 1384, 
418, 1353, 434, 1376, 
435, 1356, 444, 1377, 
447, 1357, 461, 1377, 
463, 1355, 475, 1379, 
474, 1357, 493, 1375, 
493, 1353, 510, 1376, 
516, 1356, 534, 1382, 
545, 1354, 558, 1379, 
558, 1356, 575, 1385, 
577, 1357, 592, 1375, 
594, 1356, 606, 1381, 
616, 1358, 647, 1380, 
647, 1354, 665, 1377, 
670, 1355, 686, 1374, 
689, 1357, 704, 1374, 
720, 1353, 734, 1377, 
736, 1354, 752, 1374, 
754, 1354, 775, 1373, 
776, 1356, 783, 1384, 
787, 1357, 804, 1384, 
822, 1358, 840, 1373, 
839, 1356, 855, 1377, 
859, 1357, 871, 1379, 
884, 1354, 902, 1384, 
901, 1355, 918, 1375, 
919, 1356, 939, 1372, 
939, 1356, 954, 1374, 
971, 1353, 990, 1384, 
990, 1357, 1006, 1373, 
1009, 1357, 1026, 1375, 
1026, 1354, 1045, 1376, 
1061, 1355, 1069, 1384, 
1070, 1354, 1087, 1375, 
1100, 1355, 1111, 1384, 
1115, 1358, 1124, 1384, 
1122, 1354, 1132, 1384, 
1134, 1354, 1153, 1377, 
1156, 1355, 1170, 1373, 
1170, 1349, 1176, 1358, 
1192, 1354, 1212, 1375, 
1209, 1356, 1232, 1375, 
1231, 1356, 1249, 1385, 
1264, 1355, 1272, 1377, 
1272, 1355, 1292, 1385, 
1293, 1356, 1311, 1377, 
1314, 1357, 1325, 1378, 
1338, 1357, 1354, 1383, 
1359, 1353, 1374, 1377, 
1371, 1356, 1386, 1376, 
1401, 1356, 1414, 1373, 
1418, 1356, 1434, 1382, 
1438, 1357, 1454, 1377, 
1454, 1357, 1465, 1376, 
1469, 1357, 1500, 1375, 
202, 1296, 229, 1314, 
231, 1296, 245, 1313, 
250, 1294, 258, 1316, 
270, 1285, 281, 1324, 
284, 1293, 303, 1315, 
304, 1294, 316, 1316, 
321, 1296, 328, 1320, 
340, 1294, 352, 1320, 
350, 1294, 373, 1325, 
373, 1294, 387, 1313, 
391, 1296, 398, 1319, 
410, 1294, 426, 1314, 
427, 1298, 443, 1326, 
445, 1294, 463, 1315, 
472, 1295, 492, 1317, 
494, 1294, 502, 1325, 
501, 1293, 531, 1316, 
534, 1295, 548, 1314, 
549, 1289, 567, 1312, 
568, 1296, 585, 1314, 
596, 1296, 610, 1315, 
611, 1297, 620, 1321, 
625, 1297, 640, 1317, 
644, 1293, 661, 1316, 
663, 1295, 682, 1323, 
695, 1293, 708, 1316, 
710, 1295, 731, 1315, 
731, 1293, 743, 1320, 
755, 1295, 768, 1313, 
773, 1287, 792, 1318, 
791, 1296, 808, 1316, 
808, 1298, 817, 1320, 
820, 1294, 840, 1317, 
841, 1293, 852, 1316, 
853, 1295, 864, 1321, 
877, 1296, 897, 1325, 
898, 1296, 914, 1314, 
912, 1296, 928, 1314, 
936, 1293, 956, 1317, 
957, 1294, 965, 1320, 
966, 1294, 979, 1318, 
976, 1296, 990, 1324, 
988, 1297, 1000, 1316, 
1002, 1297, 1018, 1315, 
1020, 1287, 1025, 1298, 
1040, 1294, 1049, 1321, 
1050, 1298, 1069, 1325, 
1070, 1295, 1088, 1317, 
1088, 1293, 1097, 1318, 
1108, 1295, 1129, 1325, 
1130, 1297, 1145, 1315, 
1149, 1294, 1159, 1316, 
1171, 1294, 1189, 1325, 
1190, 1294, 1205, 1317, 
1208, 1295, 1219, 1314, 
1222, 1296, 1236, 1313, 
1241, 1295, 1250, 1317, 
1267, 1295, 1281, 1313, 
1283, 1293, 1300, 1313, 
1300, 1293, 1319, 1313, 
1321, 1294, 1331, 1322, 
1332, 1293, 1352, 1324, 
1365, 1297, 1380, 1316, 
1383, 1296, 1400, 1314, 
1399, 1293, 1420, 1312, 
1423, 1295, 1436, 1317, 
1439, 1297, 1453, 1317, 
1463, 1297, 1480, 1325, 
1483, 1295, 1498, 1317, 
199, 1237, 221, 1257, 
220, 1235, 239, 1255, 
238, 1235, 251, 1257, 
253, 1235, 261, 1262, 
264, 1237, 280, 1256, 
279, 1235, 296, 1256, 
297, 1235, 316, 1254, 
316, 1235, 336, 1266, 
337, 1238, 347, 1265, 
347, 1237, 365, 1253, 
390, 1234, 407, 1255, 
407, 1238, 428, 1254, 
451, 1236, 469, 1264, 
471, 1237, 485, 1257, 
487, 1237, 501, 1256, 
500, 1235, 509, 1240, 
532, 1235, 561, 1260, 
560, 1237, 581, 1253, 
582, 1235, 599, 1266, 
621, 1234, 642, 1266, 
644, 1233, 661, 1254, 
662, 1236, 675, 1257, 
694, 1234, 714, 1262, 
717, 1237, 728, 1262, 
727, 1236, 742, 1256, 
744, 1233, 761, 1254, 
765, 1234, 781, 1265, 
805, 1236, 823, 1262, 
827, 1235, 836, 1254, 
840, 1233, 853, 1254, 
857, 1234, 871, 1253, 
871, 1237, 883, 1254, 
889, 1229, 896, 1242, 
917, 1237, 948, 1255, 
947, 1234, 957, 1264, 
957, 1233, 969, 1261, 
971, 1234, 992, 1263, 
1015, 1236, 1024, 1261, 
1025, 1233, 1032, 1258, 
1034, 1233, 1048, 1255, 
1075, 1236, 1085, 1255, 
1090, 1235, 1106, 1255, 
1109, 1238, 1138, 1253, 
1141, 1226, 1157, 1255, 
1157, 1236, 1168, 1258, 
1169, 1233, 1188, 1255, 
1189, 1234, 1209, 1253, 
1211, 1237, 1230, 1254, 
1230, 1233, 1246, 1256, 
1268, 1235, 1279, 1262, 
1282, 1236, 1294, 1253, 
1299, 1235, 1311, 1254, 
1316, 1235, 1333, 1256, 
1333, 1228, 1337, 1240, 
1364, 1234, 1392, 1254, 
1395, 1234, 1409, 1256, 
1412, 1237, 1427, 1257, 
1451, 1234, 1470, 1256, 
1469, 1236, 1486, 1256, 
1487, 1235, 1501, 1261, 
203, 1175, 218, 1196, 
220, 1174, 238, 1193, 
242, 1174, 250, 1197, 
252, 1174, 259, 1200, 
261, 1176, 279, 1197, 
281, 1174, 298, 1197, 
300, 1175, 314, 1193, 
317, 1173, 333, 1203, 
336, 1175, 344, 1202, 
346, 1174, 363, 1195, 
378, 1173, 395, 1193, 
399, 1178, 414, 1196, 
428, 1178, 449, 1204, 
451, 1174, 466, 1196, 
463, 1177, 480, 1197, 
480, 1169, 487, 1194, 
502, 1176, 509, 1200, 
513, 1177, 522, 1197, 
535, 1177, 565, 1192, 
565, 1174, 580, 1197, 
583, 1173, 596, 1197, 
611, 1173, 629, 1195, 
628, 1177, 647, 1197, 
651, 1175, 659, 1205, 
662, 1167, 681, 1195, 
693, 1177, 702, 1201, 
705, 1176, 722, 1206, 
722, 1175, 739, 1197, 
751, 1177, 767, 1206, 
763, 1177, 778, 1196, 
778, 1176, 797, 1193, 
795, 1174, 828, 1194, 
829, 1176, 845, 1197, 
848, 1169, 853, 1178, 
868, 1173, 884, 1193, 
886, 1178, 903, 1193, 
904, 1173, 925, 1202, 
938, 1174, 954, 1195, 
952, 1175, 965, 1204, 
964, 1176, 976, 1203, 
987, 1177, 996, 1198, 
998, 1175, 1016, 1204, 
1021, 1174, 1035, 1196, 
1038, 1175, 1048, 1198, 
1060, 1174, 1088, 1196, 
1088, 1175, 1106, 1197, 
1107, 1173, 1117, 1197, 
1133, 1176, 1147, 1194, 
1147, 1173, 1162, 1193, 
1169, 1176, 1182, 1195, 
1184, 1174, 1204, 1193, 
1215, 1174, 1242, 1193, 
1245, 1174, 1263, 1195, 
1263, 1174, 1278, 1193, 
1288, 1174, 1303, 1194, 
1304, 1176, 1322, 1202, 
1326, 1174, 1341, 1196, 
1344, 1185, 1383, 1186, 
1386, 1173, 1397, 1194, 
1398, 1178, 1407, 1201, 
1408, 1176, 1440, 1197, 
1438, 1169, 1458, 1196, 
1462, 1174, 1468, 1203, 
1471, 1175, 1489, 1195, 
1492, 1170, 1498, 1180, 
201, 1116, 217, 1136, 
220, 1115, 237, 1134, 
237, 1113, 248, 1140, 
251, 1116, 268, 1134, 
268, 1115, 284, 1135, 
285, 1116, 299, 1134, 
300, 1116, 308, 1143, 
314, 1109, 319, 1122, 
333, 1117, 348, 1133, 
347, 1118, 361, 1144, 
360, 1117, 376, 1136, 
380, 1107, 395, 1138, 
396, 1113, 416, 1134, 
417, 1116, 435, 1134, 
437, 1115, 444, 1139, 
448, 1109, 454, 1121, 
467, 1115, 482, 1133, 
483, 1115, 503, 1133, 
504, 1117, 525, 1143, 
537, 1113, 552, 1133, 
552, 1117, 561, 1139, 
575, 1113, 586, 1140, 
584, 1116, 602, 1144, 
606, 1113, 622, 1137, 
632, 1117, 644, 1133, 
648, 1115, 663, 1137, 
667, 1115, 693, 1134, 
699, 1115, 712, 1134, 
725, 1116, 733, 1138, 
738, 1118, 745, 1142, 
748, 1117, 775, 1137, 
777, 1113, 793, 1134, 
808, 1107, 824, 1139, 
824, 1113, 843, 1136, 
842, 1105, 865, 1136, 
876, 1116, 889, 1136, 
891, 1118, 912, 1134, 
910, 1116, 930, 1143, 
942, 1115, 958, 1133, 
960, 1114, 974, 1133, 
977, 1107, 997, 1135, 
998, 1117, 1014, 1133, 
1013, 1118, 1028, 1137, 
1031, 1117, 1035, 1122, 
281, 1055, 298, 1081, 
304, 1054, 322, 1085, 
325, 1057, 338, 1077, 
354, 1055, 383, 1075, 
384, 1057, 403, 1077, 
406, 1054, 419, 1076, 
434, 1056, 449, 1073, 
449, 1054, 462, 1081, 
463, 1055, 478, 1073, 
481, 1057, 500, 1077, 
501, 1054, 520, 1085, 
518, 1058, 532, 1084, 
532, 1057, 548, 1073, 
553, 1049, 569, 1079, 
586, 1056, 606, 1082, 
610, 1057, 626, 1076, 
629, 1057, 638, 1082, 
639, 1054, 657, 1085, 
657, 1055, 670, 1080, 
670, 1058, 686, 1077, 
692, 1049, 707, 1076, 
726, 1055, 746, 1085, 
749, 1055, 760, 1076, 
763, 1058, 777, 1074, 
779, 1055, 790, 1073, 
791, 1055, 807, 1074, 
809, 1054, 819, 1086, 
822, 1058, 832, 1082, 
837, 1051, 842, 1059, 
863, 1055, 878, 1077, 
879, 1056, 890, 1074, 
913, 1055, 928, 1074, 
930, 1055, 936, 1086, 
941, 1057, 969, 1075, 
969, 1057, 985, 1076, 
984, 1047, 1004, 1075, 
1007, 1053, 1019, 1075, 
1020, 1051, 1029, 1060, 
1046, 1056, 1068, 1076, 
1070, 1053, 1085, 1077, 
1087, 1054, 1100, 1073, 
1101, 1049, 1119, 1073, 
1134, 1055, 1151, 1075, 
1155, 1058, 1165, 1077, 
1167, 1053, 1181, 1077, 
1184, 1054, 1199, 1075, 
1202, 1056, 1214, 1080, 
1216, 1051, 1218, 1058, 
1240, 1055, 1255, 1077, 
1256, 1054, 1277, 1075, 
1276, 1055, 1297, 1082, 
1313, 1057, 1340, 1075, 
1341, 1057, 1359, 1085, 
1363, 1054, 1376, 1076, 
1382, 1058, 1401, 1076, 
1415, 1055, 1446, 1082, 
1447, 1056, 1454, 1083, 
1458, 1055, 1468, 1081, 
1469, 1057, 1480, 1078, 
1480, 1049, 1498, 1074, 
203, 995, 218, 1025, 
220, 994, 235, 1017, 
235, 997, 248, 1015, 
252, 995, 278, 1012, 
301, 997, 318, 1017, 
321, 995, 333, 1014, 
337, 993, 353, 1013, 
354, 997, 368, 1017, 
383, 997, 394, 1018, 
397, 994, 417, 1024, 
419, 993, 432, 1015, 
453, 989, 471, 1016, 
471, 996, 482, 1016, 
485, 997, 504, 1015, 
504, 995, 526, 1013, 
525, 986, 541, 1013, 
566, 995, 578, 1015, 
581, 995, 599, 1026, 
602, 993, 613, 1016, 
633, 993, 663, 1014, 
665, 994, 680, 1013, 
681, 993, 696, 1017, 
716, 997, 728, 1015, 
729, 988, 749, 1015, 
751, 994, 767, 1017, 
769, 997, 787, 1016, 
784, 998, 805, 1022, 
808, 998, 815, 1023, 
819, 998, 835, 1013, 
837, 989, 855, 1015, 
874, 994, 886, 1017, 
886, 996, 906, 1014, 
926, 997, 934, 1020, 
935, 997, 952, 1024, 
958, 993, 973, 1013, 
989, 994, 1023, 1017, 
1023, 996, 1039, 1015, 
1043, 994, 1053, 1015, 
1057, 995, 1064, 1018, 
1069, 996, 1080, 1013, 
1082, 997, 1096, 1017, 
1117, 996, 1134, 1017, 
1138, 994, 1146, 1024, 
1167, 996, 1176, 1019, 
1179, 996, 1197, 1023, 
1200, 996, 1212, 1014, 
1231, 997, 1250, 1023, 
1252, 993, 1271, 1013, 
1274, 996, 1294, 1013, 
1295, 995, 1305, 1017, 
1310, 995, 1323, 1014, 
1327, 989, 1336, 1002, 
1356, 994, 1376, 1022, 
1377, 994, 1390, 1015, 
1394, 998, 1403, 1014, 
1422, 994, 1441, 1024, 
1447, 997, 1462, 1013, 
1461, 993, 1480, 1016, 
1479, 997, 1496, 1025, 
201, 936, 213, 953, 
216, 938, 225, 965, 
227, 934, 235, 964, 
241, 929, 259, 955, 
256, 934, 279, 964, 
277, 933, 287, 959, 
289, 937, 297, 963, 
301, 929, 320, 953, 
329, 937, 343, 958, 
339, 934, 358, 956, 
362, 935, 372, 957, 
373, 938, 396, 956, 
395, 936, 410, 956, 
414, 935, 431, 964, 
440, 937, 454, 959, 
453, 934, 472, 955, 
473, 934, 503, 954, 
501, 933, 517, 956, 
519, 937, 531, 954, 
534, 935, 552, 964, 
554, 935, 569, 954, 
580, 934, 596, 963, 
599, 936, 608, 964, 
610, 938, 640, 956, 
643, 934, 649, 938, 
283, 893, 288, 901, 
289, 893, 293, 901, 
296, 878, 322, 902, 
327, 874, 344, 893, 
346, 869, 351, 880, 
377, 876, 390, 903, 
413, 874, 434, 904, 
433, 877, 449, 896, 
454, 876, 474, 894, 
478, 893, 480, 903, 
487, 876, 498, 900, 
519, 873, 529, 898, 
530, 875, 551, 903, 
551, 874, 562, 893, 
563, 876, 583, 895, 
585, 873, 613, 896, 
637, 877, 647, 895, 
649, 877, 660, 897, 
662, 876, 682, 894, 
682, 876, 702, 895, 
704, 875, 717, 894, 
720, 877, 731, 895, 
737, 870, 741, 880, 
748, 892, 749, 904, 
755, 890, 757, 900, 
785, 877, 797, 893, 
798, 874, 818, 902, 
820, 877, 834, 893, 
858, 876, 888, 894, 
888, 875, 905, 893, 
906, 876, 920, 893, 
945, 876, 959, 896, 
958, 875, 977, 893, 
979, 869, 997, 893, 
999, 878, 1006, 901, 
1006, 874, 1027, 897, 
1030, 869, 1049, 896, 
1049, 869, 1056, 879, 
1080, 878, 1090, 900, 
1090, 874, 1109, 895, 
1136, 877, 1152, 895, 
1152, 877, 1171, 897, 
1172, 876, 1183, 895, 
1186, 873, 1216, 894, 
1215, 875, 1233, 894, 
1235, 877, 1244, 895, 
1268, 877, 1280, 900, 
1283, 873, 1298, 894, 
1321, 876, 1336, 895, 
1337, 873, 1356, 896, 
1360, 876, 1387, 894, 
1392, 876, 1407, 893, 
1406, 876, 1419, 898, 
1419, 878, 1436, 903, 
1437, 877, 1449, 903, 
1447, 875, 1467, 897, 
1470, 869, 1490, 898, 
1490, 868, 1495, 880, 
204, 831, 206, 844, 
208, 830, 216, 841, 
218, 817, 227, 841, 
228, 817, 246, 846, 
249, 816, 267, 834, 
270, 815, 285, 833, 
291, 809, 306, 838, 
308, 814, 328, 846, 
345, 817, 356, 843, 
375, 813, 387, 833, 
393, 814, 408, 837, 
408, 816, 426, 837, 
433, 830, 436, 841, 
441, 816, 453, 840, 
468, 814, 488, 835, 
490, 814, 509, 837, 
509, 813, 525, 843, 
528, 815, 542, 833, 
548, 814, 558, 835, 
560, 817, 570, 835, 
574, 813, 586, 837, 
585, 816, 602, 836, 
606, 818, 622, 836, 
626, 813, 644, 845, 
658, 816, 669, 842, 
670, 815, 682, 841, 
680, 807, 686, 820, 
693, 832, 695, 842, 
700, 830, 706, 842, 
722, 817, 735, 833, 
739, 815, 758, 842, 
760, 814, 777, 836, 
793, 815, 822, 832, 
820, 817, 836, 837, 
837, 816, 857, 835, 
861, 817, 869, 837, 
888, 814, 906, 835, 
908, 816, 927, 836, 
925, 811, 935, 819, 
952, 814, 965, 835, 
968, 818, 985, 842, 
987, 817, 997, 837, 
1001, 815, 1020, 834, 
1019, 809, 1039, 836, 
1043, 806, 1061, 835, 
1061, 815, 1071, 840, 
1072, 815, 1092, 833, 
1091, 808, 1112, 836, 
1128, 818, 1145, 844, 
1147, 813, 1163, 836, 
1163, 816, 1178, 834, 
1195, 815, 1208, 835, 
1211, 816, 1227, 846, 
1230, 813, 1246, 837, 
1251, 813, 1267, 834, 
1270, 815, 1280, 845, 
1282, 816, 1298, 844, 
1303, 816, 1317, 833, 
1318, 814, 1328, 837, 
1331, 816, 1345, 834, 
1348, 808, 1356, 819, 
1372, 817, 1390, 834, 
1390, 817, 1410, 837, 
1410, 814, 1430, 845, 
1447, 814, 1458, 835, 
1460, 816, 1480, 845, 
1483, 816, 1498, 836, 
200, 756, 213, 779, 
211, 754, 231, 776, 
231, 754, 242, 777, 
243, 755, 263, 773, 
265, 757, 282, 775, 
281, 757, 302, 783, 
323, 757, 340, 773, 
338, 757, 347, 778, 
370, 754, 386, 776, 
391, 756, 407, 775, 
409, 753, 424, 773, 
428, 756, 444, 777, 
461, 755, 488, 773, 
491, 754, 499, 781, 
502, 755, 514, 777, 
513, 756, 534, 783, 
551, 756, 570, 774, 
589, 753, 603, 775, 
602, 754, 619, 777, 
624, 758, 637, 784, 
637, 754, 647, 780, 
665, 753, 679, 777, 
681, 758, 710, 775, 
711, 754, 722, 783, 
722, 757, 733, 784, 
734, 755, 752, 776, 
771, 754, 791, 777, 
791, 758, 803, 785, 
823, 746, 840, 775, 
844, 757, 856, 776, 
858, 757, 873, 775, 
877, 757, 886, 778, 
887, 756, 906, 776, 
905, 755, 919, 776, 
924, 757, 936, 781, 
933, 754, 945, 780, 
946, 755, 961, 775, 
966, 755, 983, 774, 
1003, 755, 1013, 777, 
1015, 757, 1035, 775, 
1036, 755, 1062, 772, 
1062, 753, 1080, 777, 
1079, 754, 1092, 777, 
1094, 753, 1113, 786, 
1118, 756, 1128, 774, 
1151, 755, 1176, 782, 
1178, 757, 1188, 780, 
1188, 755, 1200, 778, 
1200, 757, 1209, 777, 
1213, 749, 1232, 776, 
1235, 754, 1238, 758, 
1259, 755, 1296, 782, 
1296, 757, 1307, 781, 
1307, 756, 1319, 777, 
1319, 754, 1338, 785, 
1357, 753, 1377, 774, 
1393, 758, 1408, 786, 
1406, 757, 1416, 784, 
1417, 747, 1439, 772, 
1437, 755, 1448, 784, 
1451, 754, 1467, 773, 
1470, 749, 1487, 777, 
1490, 751, 1494, 762, 
202, 697, 213, 726, 
216, 695, 232, 713, 
230, 694, 261, 713, 
262, 697, 271, 723, 
273, 697, 295, 717, 
293, 698, 302, 722, 
303, 694, 322, 716, 
325, 694, 342, 715, 
360, 688, 379, 716, 
382, 697, 389, 726, 
395, 694, 407, 713, 
412, 696, 429, 713, 
430, 696, 444, 717, 
448, 697, 462, 717, 
487, 695, 499, 713, 
499, 698, 519, 723, 
520, 695, 534, 713, 
560, 693, 571, 713, 
573, 693, 589, 717, 
591, 693, 608, 716, 
609, 698, 629, 714, 
630, 694, 645, 715, 
647, 697, 662, 716, 
665, 697, 683, 723, 
702, 698, 721, 722, 
725, 695, 739, 715, 
741, 697, 753, 717, 
777, 695, 793, 715, 
793, 697, 801, 717, 
803, 696, 813, 721, 
814, 698, 823, 724, 
823, 698, 839, 717, 
838, 697, 853, 716, 
856, 688, 863, 699, 
887, 695, 904, 715, 
902, 695, 920, 714, 
924, 694, 942, 725, 
964, 696, 993, 716, 
992, 696, 1009, 717, 
1013, 694, 1031, 722, 
1032, 696, 1048, 714, 
1068, 695, 1084, 715, 
1106, 696, 1136, 717, 
1134, 696, 1153, 715, 
1154, 695, 1174, 715, 
1174, 697, 1191, 715, 
1193, 694, 1224, 714, 
1224, 695, 1240, 714, 
1242, 698, 1260, 713, 
1261, 694, 1271, 717, 
1290, 694, 1309, 715, 
1314, 694, 1322, 724, 
1343, 696, 1361, 725, 
1365, 697, 1379, 715, 
1382, 696, 1395, 715, 
1415, 698, 1433, 725, 
1436, 693, 1450, 716, 
1452, 693, 1469, 713, 
1471, 696, 1490, 725, 
1488, 689, 1498, 699, 
200, 636, 219, 662, 
223, 636, 236, 655, 
239, 634, 253, 656, 
251, 634, 272, 666, 
270, 635, 281, 662, 
280, 626, 302, 654, 
311, 625, 332, 654, 
332, 633, 351, 654, 
352, 636, 366, 655, 
367, 635, 383, 655, 
382, 636, 398, 657, 
400, 627, 418, 654, 
422, 636, 433, 660, 
430, 636, 441, 661, 
441, 635, 458, 666, 
463, 636, 470, 665, 
476, 635, 488, 653, 
491, 629, 500, 641, 
511, 635, 531, 663, 
531, 633, 549, 656, 
552, 635, 565, 658, 
575, 634, 595, 652, 
596, 638, 612, 656, 
615, 637, 632, 662, 
636, 635, 649, 653, 
650, 637, 667, 655, 
665, 637, 677, 656, 
679, 633, 690, 661, 
693, 637, 710, 657, 
715, 635, 731, 657, 
733, 636, 749, 663, 
765, 637, 782, 663, 
781, 626, 805, 656, 
814, 637, 843, 664, 
842, 635, 855, 660, 
853, 633, 867, 659, 
865, 635, 874, 658, 
876, 629, 894, 655, 
895, 629, 904, 642, 
919, 634, 933, 655, 
933, 636, 942, 664, 
944, 627, 962, 655, 
963, 636, 981, 655, 
987, 636, 995, 664, 
996, 637, 1010, 666, 
1010, 629, 1030, 653, 
1030, 634, 1038, 660, 
1038, 636, 1061, 655, 
1059, 626, 1078, 657, 
1093, 634, 1107, 653, 
1109, 628, 1128, 657, 
1130, 626, 1149, 656, 
1147, 637, 1159, 657, 
1161, 635, 1180, 653, 
1180, 637, 1199, 652, 
1204, 633, 1221, 654, 
1219, 636, 1228, 664, 
1244, 633, 1258, 656, 
1263, 637, 1273, 665, 
1288, 637, 1305, 664, 
1306, 633, 1323, 656, 
1324, 637, 1337, 653, 
1349, 635, 1368, 662, 
1368, 636, 1383, 657, 
1385, 635, 1398, 656, 
1401, 637, 1413, 655, 
1415, 636, 1426, 653, 
1440, 633, 1459, 655, 
1458, 635, 1478, 653, 
1479, 635, 1498, 662, 
201, 577, 220, 606, 
221, 576, 234, 594, 
240, 574, 252, 596, 
263, 576, 269, 604, 
273, 574, 290, 596, 
292, 576, 311, 593, 
314, 577, 334, 604, 
332, 576, 344, 597, 
352, 576, 353, 581, 
372, 590, 373, 600, 
375, 593, 382, 603, 
385, 576, 410, 601, 
415, 573, 430, 595, 
432, 574, 453, 595, 
462, 577, 478, 594, 
479, 574, 499, 593, 
501, 576, 529, 594, 
531, 573, 546, 593, 
556, 576, 566, 600, 
568, 578, 590, 594, 
587, 576, 601, 598, 
601, 576, 617, 594, 
628, 574, 640, 600, 
639, 576, 660, 605, 
660, 573, 679, 595, 
688, 575, 701, 595, 
705, 573, 720, 597, 
722, 574, 742, 595, 
744, 578, 771, 594, 
783, 577, 803, 602, 
804, 576, 818, 594, 
820, 578, 841, 594, 
840, 577, 858, 593, 
858, 576, 868, 604, 
872, 577, 890, 594, 
889, 565, 909, 598, 
912, 571, 916, 582, 
922, 594, 924, 600, 
931, 592, 933, 604, 
946, 573, 957, 597, 
961, 577, 980, 603, 
984, 575, 995, 593, 
1010, 575, 1024, 594, 
1028, 576, 1046, 604, 
1046, 577, 1066, 606, 
1068, 573, 1083, 595, 
1088, 577, 1105, 604, 
1105, 575, 1112, 579, 
281, 532, 288, 540, 
291, 533, 294, 543, 
298, 516, 321, 544, 
320, 518, 342, 544, 
340, 517, 353, 544, 
354, 516, 364, 535, 
383, 516, 394, 540, 
396, 516, 407, 533, 
425, 514, 444, 536, 
449, 516, 467, 534, 
467, 517, 484, 536, 
502, 517, 516, 535, 
522, 518, 534, 544, 
552, 518, 581, 534, 
580, 508, 600, 534, 
618, 514, 646, 537, 
651, 516, 665, 537, 
667, 513, 682, 535, 
681, 515, 695, 537, 
709, 516, 722, 545, 
722, 515, 743, 537, 
741, 514, 751, 540, 
752, 514, 761, 539, 
764, 515, 781, 545, 
786, 516, 798, 544, 
797, 515, 814, 534, 
818, 518, 828, 543, 
845, 517, 859, 536, 
860, 513, 879, 534, 
880, 506, 895, 534, 
898, 508, 919, 536, 
922, 514, 938, 533, 
937, 518, 950, 533, 
955, 517, 962, 541, 
964, 514, 982, 537, 
984, 518, 996, 537, 
994, 513, 1009, 535, 
1013, 508, 1016, 521, 
1020, 531, 1025, 544, 
1032, 534, 1034, 540, 
1054, 516, 1065, 537, 
1069, 515, 1085, 535, 
1085, 514, 1098, 540, 
1098, 514, 1117, 545, 
1135, 514, 1163, 543, 
1161, 513, 1178, 537, 
1184, 517, 1195, 536, 
1196, 514, 1209, 536, 
1212, 515, 1229, 535, 
1232, 515, 1249, 536, 
1252, 513, 1263, 533, 
1267, 514, 1286, 543, 
1287, 507, 1305, 536, 
1306, 511, 1311, 519, 
1330, 516, 1350, 542, 
1353, 513, 1368, 533, 
1373, 517, 1402, 534, 
1402, 516, 1410, 544, 
1411, 518, 1429, 536, 
1434, 505, 1451, 539, 
1468, 514, 1480, 540, 
1483, 513, 1498, 536, 
202, 454, 228, 482, 
229, 456, 250, 477, 
249, 456, 266, 475, 
272, 454, 285, 473, 
295, 454, 327, 482, 
326, 455, 339, 477, 
342, 454, 358, 483, 
360, 457, 376, 474, 
379, 454, 397, 485, 
397, 445, 419, 475, 
417, 455, 436, 476, 
434, 455, 454, 473, 
456, 457, 475, 475, 
475, 454, 491, 476, 
496, 449, 499, 460, 
515, 455, 540, 474, 
541, 455, 560, 483, 
566, 453, 580, 473, 
583, 456, 612, 477, 
625, 456, 644, 486, 
648, 454, 662, 477, 
674, 457, 691, 485, 
697, 455, 710, 475, 
713, 456, 733, 482, 
742, 456, 762, 474, 
762, 454, 782, 474, 
784, 456, 796, 479, 
807, 446, 827, 475, 
825, 453, 840, 477, 
841, 453, 854, 477, 
868, 457, 877, 477, 
881, 453, 899, 477, 
900, 457, 916, 477, 
919, 458, 934, 475, 
940, 453, 944, 458, 
961, 473, 964, 484, 
966, 472, 970, 484, 
975, 457, 997, 483, 
1000, 454, 1017, 485, 
1019, 457, 1036, 476, 
1045, 448, 1064, 475, 
1065, 455, 1081, 477, 
1083, 458, 1092, 484, 
1090, 455, 1109, 474, 
1110, 455, 1125, 475, 
1132, 454, 1146, 473, 
1150, 454, 1159, 473, 
1164, 455, 1175, 477, 
1191, 457, 1208, 483, 
1209, 455, 1224, 473, 
1226, 457, 1239, 483, 
1236, 445, 1254, 475, 
1257, 454, 1269, 474, 
1287, 457, 1295, 479, 
1295, 457, 1316, 477, 
1329, 458, 1358, 477, 
1359, 455, 1374, 476, 
1376, 458, 1396, 482, 
1399, 454, 1413, 473, 
1426, 455, 1441, 485, 
1444, 453, 1463, 474, 
1463, 457, 1473, 486, 
1471, 457, 1485, 482, 
1487, 454, 1500, 476, 
201, 395, 220, 424, 
223, 396, 238, 414, 
240, 385, 255, 413, 
256, 385, 277, 414, 
280, 387, 299, 412, 
315, 397, 333, 414, 
331, 397, 353, 415, 
353, 395, 370, 424, 
390, 393, 400, 414, 
403, 397, 424, 413, 
423, 397, 440, 417, 
443, 393, 457, 417, 
462, 397, 473, 413, 
477, 397, 492, 416, 
495, 397, 508, 415, 
508, 396, 521, 424, 
520, 397, 540, 414, 
540, 398, 551, 423, 
554, 394, 559, 402, 
578, 398, 605, 422, 
606, 395, 629, 414, 
630, 396, 645, 415, 
647, 394, 667, 417, 
683, 397, 711, 424, 
711, 394, 723, 413, 
722, 398, 741, 423, 
746, 396, 759, 414, 
762, 393, 779, 426, 
779, 385, 799, 416, 
801, 396, 818, 417, 
820, 395, 838, 412, 
839, 394, 857, 413, 
861, 393, 876, 417, 
880, 387, 884, 401, 
903, 397, 918, 413, 
935, 393, 964, 416, 
967, 396, 981, 417, 
985, 398, 995, 423, 
996, 396, 1003, 419, 
1007, 397, 1021, 412, 
1023, 393, 1039, 423, 
1041, 411, 1049, 423, 
1053, 410, 1053, 420, 
1073, 396, 1092, 424, 
1096, 394, 1112, 413, 
1127, 395, 1142, 415, 
1145, 394, 1162, 416, 
1162, 395, 1169, 421, 
1175, 395, 1189, 425, 
1193, 388, 1198, 399, 
1219, 397, 1235, 422, 
1239, 397, 1252, 415, 
1259, 397, 1275, 413, 
1278, 396, 1297, 426, 
1298, 398, 1306, 423, 
1309, 397, 1328, 416, 
1330, 388, 1348, 418, 
1363, 395, 1384, 425, 
1385, 394, 1402, 414, 
1404, 396, 1429, 412, 
1435, 396, 1453, 416, 
1470, 394, 1477, 419, 
1480, 395, 1497, 417, 
198, 335, 217, 362, 
219, 335, 235, 354, 
236, 337, 251, 354, 
252, 335, 260, 338, 
282, 294, 288, 300, 
290, 290, 294, 300, 
295, 275, 355, 303, 
355, 267, 374, 293, 
373, 270, 381, 282, 
393, 276, 411, 302, 
413, 276, 433, 294, 
434, 274, 453, 294, 
455, 274, 468, 297, 
478, 269, 498, 292, 
502, 277, 519, 294, 
522, 277, 541, 296, 
548, 277, 578, 297, 
581, 275, 598, 293, 
597, 275, 609, 300, 
610, 274, 627, 304, 
630, 293, 635, 304, 
637, 294, 643, 304, 
654, 275, 666, 300, 
664, 276, 686, 295, 
687, 269, 706, 293, 
704, 274, 722, 295, 
726, 274, 736, 304, 
735, 278, 748, 294, 
752, 277, 767, 293, 
767, 276, 785, 302, 
796, 274, 807, 297, 
810, 278, 826, 303, 
827, 277, 842, 295, 
845, 277, 855, 304, 
855, 278, 869, 296, 
881, 277, 899, 303, 
900, 276, 919, 295, 
921, 276, 934, 297, 
934, 276, 947, 301, 
948, 274, 953, 279, 
281, 234, 287, 240, 
290, 230, 296, 241, 
298, 218, 306, 244, 
313, 217, 325, 237, 
337, 216, 348, 239, 
351, 217, 369, 246, 
369, 214, 383, 236, 
386, 216, 399, 235, 
403, 215, 416, 237, 
430, 213, 449, 234, 
448, 215, 468, 235, 
470, 206, 487, 232, 
492, 217, 509, 237, 
509, 217, 530, 233, 
529, 215, 547, 237, 
560, 217, 586, 236, 
588, 217, 606, 235, 
621, 215, 637, 242, 
639, 213, 654, 234, 
658, 215, 678, 232, 
676, 216, 694, 237, 
710, 215, 728, 233, 
728, 214, 745, 233, 
749, 216, 759, 241, 
773, 216, 803, 237, 
805, 214, 819, 234, 
821, 215, 829, 239, 
832, 214, 846, 243, 
862, 216, 898, 240, 
897, 207, 915, 236, 
930, 215, 958, 235, 
958, 216, 969, 243, 
973, 215, 984, 244, 
986, 216, 1000, 233, 
1015, 215, 1029, 233, 
1033, 215, 1052, 235, 
1055, 214, 1071, 245, 
1084, 217, 1095, 241, 
1110, 213, 1126, 236, 
1131, 216, 1141, 235, 
1143, 214, 1159, 233, 
1175, 214, 1184, 246, 
1184, 218, 1194, 240, 
1196, 215, 1216, 243, 
1217, 216, 1232, 233, 
1246, 213, 1274, 233, 
1273, 214, 1294, 242, 
1294, 217, 1305, 241, 
1306, 214, 1317, 239, 
1317, 213, 1333, 235, 
1345, 213, 1376, 236, 
1377, 217, 1395, 237, 
1397, 214, 1405, 243, 
1406, 213, 1426, 234, 
1429, 217, 1444, 234, 
1448, 217, 1458, 233, 
1460, 226, 1500, 228, 
