201, 1957, 215, 1975, 
218, 1955, 230, 1972, 
237, 1953, 252, 1973, 
252, 1955, 260, 1983, 
264, 1955, 281, 1972, 
282, 1944, 303, 1975, 
312, 1956, 333, 1973, 
331, 1957, 353, 1973, 
352, 1954, 368, 1976, 
377, 1956, 397, 1972, 
399, 1957, 427, 1975, 
428, 1953, 445, 1974, 
456, 1953, 470, 1975, 
473, 1956, 493, 1982, 
495, 1953, 509, 1972, 
511, 1956, 527, 1975, 
525, 1957, 537, 1977, 
540, 1956, 551, 1974, 
555, 1955, 574, 1973, 
577, 1954, 602, 1975, 
607, 1955, 613, 1980, 
617, 1954, 635, 1975, 
639, 1945, 657, 1978, 
656, 1955, 671, 1973, 
674, 1951, 682, 1974, 
692, 1957, 711, 1985, 
712, 1953, 732, 1973, 
735, 1956, 743, 1977, 
756, 1955, 784, 1975, 
784, 1955, 802, 1976, 
816, 1957, 831, 1973, 
830, 1956, 850, 1974, 
853, 1953, 867, 1972, 
872, 1953, 881, 1974, 
883, 1953, 904, 1981, 
906, 1955, 924, 1972, 
934, 1957, 943, 1984, 
945, 1953, 954, 1976, 
956, 1949, 962, 1959, 
975, 1953, 1004, 1973, 
1007, 1953, 1024, 1974, 
1035, 1954, 1052, 1973, 
1055, 1954, 1070, 1975, 
1073, 1955, 1105, 1976, 
1104, 1954, 1116, 1982, 
1120, 1956, 1136, 1975, 
1136, 1957, 1149, 1973, 
1151, 1956, 1163, 1980, 
1173, 1954, 1190, 1974, 
1193, 1955, 1209, 1976, 
1210, 1953, 1225, 1972, 
1227, 1956, 1238, 1974, 
1241, 1956, 1259, 1976, 
1257, 1956, 1270, 1985, 
1268, 1953, 1290, 1976, 
1289, 1957, 1304, 1973, 
1310, 1954, 1320, 1975, 
1334, 1957, 1361, 1974, 
1362, 1954, 1372, 1981, 
1375, 1956, 1384, 1980, 
1383, 1957, 1404, 1984, 
1418, 1957, 1427, 1983, 
1428, 1953, 1441, 1975, 
1441, 1956, 1456, 1976, 
1460, 1954, 1480, 1975, 
1479, 1946, 1498, 1973, 
199, 1896, 226, 1915, 
230, 1893, 246, 1922, 
252, 1894, 260, 1921, 
262, 1896, 278, 1915, 
278, 1896, 298, 1925, 
310, 1897, 335, 1916, 
338, 1895, 356, 1912, 
370, 1896, 386, 1913, 
386, 1896, 396, 1925, 
396, 1893, 424, 1913, 
426, 1895, 441, 1916, 
445, 1889, 462, 1916, 
463, 1896, 478, 1914, 
492, 1897, 511, 1922, 
510, 1896, 528, 1915, 
527, 1893, 546, 1914, 
549, 1896, 563, 1915, 
578, 1896, 597, 1913, 
600, 1894, 615, 1916, 
628, 1897, 640, 1920, 
642, 1895, 660, 1924, 
659, 1897, 675, 1913, 
689, 1896, 701, 1917, 
703, 1896, 708, 1921, 
713, 1885, 731, 1915, 
742, 1896, 760, 1912, 
764, 1893, 777, 1924, 
790, 1894, 805, 1913, 
809, 1897, 829, 1915, 
827, 1897, 838, 1913, 
855, 1897, 865, 1918, 
863, 1895, 884, 1914, 
883, 1895, 901, 1916, 
906, 1884, 925, 1918, 
925, 1897, 942, 1916, 
947, 1896, 958, 1913, 
961, 1896, 976, 1915, 
978, 1895, 985, 1899, 
999, 1893, 1028, 1923, 
1026, 1893, 1038, 1922, 
1040, 1893, 1048, 1921, 
1063, 1893, 1073, 1921, 
1088, 1897, 1099, 1914, 
1102, 1894, 1117, 1914, 
1118, 1889, 1139, 1913, 
1151, 1897, 1162, 1922, 
1163, 1895, 1176, 1916, 
1180, 1891, 1182, 1901, 
1202, 1886, 1219, 1917, 
1218, 1894, 1230, 1922, 
1230, 1893, 1249, 1913, 
1251, 1895, 1264, 1915, 
1278, 1894, 1293, 1915, 
1295, 1893, 1312, 1913, 
1316, 1895, 1333, 1915, 
1334, 1897, 1354, 1925, 
1362, 1894, 1376, 1915, 
1378, 1897, 1386, 1924, 
1389, 1884, 1410, 1914, 
1411, 1893, 1429, 1922, 
1431, 1894, 1440, 1916, 
1441, 1897, 1452, 1916, 
1467, 1896, 1483, 1912, 
1488, 1895, 1499, 1915, 
201, 1836, 217, 1853, 
222, 1836, 239, 1851, 
242, 1837, 255, 1852, 
269, 1833, 275, 1862, 
278, 1833, 297, 1852, 
300, 1833, 316, 1855, 
318, 1834, 333, 1856, 
333, 1836, 345, 1862, 
356, 1836, 373, 1854, 
376, 1835, 388, 1853, 
392, 1836, 399, 1865, 
401, 1833, 415, 1864, 
414, 1842, 424, 1844, 
431, 1824, 445, 1858, 
448, 1833, 468, 1852, 
469, 1835, 490, 1851, 
487, 1834, 502, 1854, 
504, 1835, 520, 1854, 
522, 1834, 540, 1852, 
538, 1835, 569, 1854, 
572, 1832, 588, 1852, 
587, 1833, 605, 1853, 
609, 1832, 618, 1856, 
634, 1835, 641, 1858, 
646, 1833, 659, 1855, 
677, 1835, 691, 1852, 
696, 1834, 713, 1852, 
712, 1828, 736, 1852, 
748, 1834, 767, 1856, 
766, 1834, 780, 1860, 
777, 1833, 799, 1861, 
798, 1834, 813, 1852, 
817, 1834, 829, 1854, 
845, 1833, 863, 1863, 
867, 1835, 887, 1855, 
886, 1833, 900, 1854, 
902, 1835, 917, 1856, 
919, 1825, 936, 1856, 
940, 1832, 954, 1852, 
956, 1833, 973, 1852, 
976, 1835, 995, 1855, 
1011, 1827, 1025, 1854, 
1028, 1835, 1045, 1856, 
1045, 1833, 1063, 1854, 
1066, 1826, 1084, 1855, 
1085, 1833, 1096, 1864, 
1098, 1832, 1113, 1856, 
1113, 1842, 1156, 1844, 
1155, 1833, 1182, 1855, 
1186, 1837, 1202, 1862, 
1204, 1826, 1222, 1855, 
1223, 1826, 1231, 1837, 
1245, 1832, 1256, 1859, 
1259, 1833, 1275, 1861, 
1279, 1836, 1296, 1854, 
1308, 1836, 1338, 1860, 
1341, 1834, 1356, 1852, 
1355, 1834, 1370, 1855, 
1370, 1834, 1399, 1855, 
1402, 1833, 1416, 1852, 
1417, 1837, 1438, 1855, 
1439, 1834, 1453, 1856, 
1465, 1833, 1483, 1853, 
1484, 1836, 1501, 1852, 
201, 1776, 212, 1800, 
210, 1774, 232, 1803, 
232, 1772, 248, 1792, 
270, 1775, 289, 1799, 
291, 1773, 312, 1794, 
311, 1768, 333, 1795, 
333, 1774, 344, 1803, 
343, 1776, 353, 1799, 
358, 1776, 368, 1794, 
369, 1773, 391, 1802, 
408, 1772, 437, 1794, 
441, 1773, 457, 1792, 
457, 1774, 479, 1795, 
480, 1776, 488, 1801, 
492, 1775, 510, 1802, 
530, 1774, 548, 1802, 
548, 1776, 565, 1794, 
565, 1776, 587, 1793, 
585, 1774, 601, 1796, 
621, 1772, 651, 1793, 
653, 1773, 667, 1792, 
670, 1774, 683, 1792, 
682, 1774, 705, 1802, 
706, 1772, 720, 1793, 
722, 1772, 741, 1803, 
759, 1773, 772, 1800, 
773, 1777, 789, 1804, 
793, 1774, 807, 1792, 
811, 1773, 820, 1803, 
819, 1775, 832, 1794, 
852, 1775, 881, 1792, 
880, 1772, 901, 1794, 
900, 1767, 917, 1793, 
936, 1776, 949, 1800, 
948, 1772, 965, 1792, 
987, 1773, 999, 1804, 
1004, 1773, 1015, 1794, 
1018, 1774, 1033, 1792, 
1035, 1773, 1049, 1795, 
1051, 1776, 1068, 1801, 
1069, 1773, 1087, 1795, 
1089, 1773, 1121, 1796, 
1140, 1777, 1151, 1804, 
1155, 1777, 1167, 1795, 
1169, 1774, 1184, 1796, 
1185, 1773, 1217, 1794, 
1236, 1773, 1248, 1798, 
1246, 1777, 1266, 1801, 
1270, 1772, 1285, 1794, 
1284, 1777, 1318, 1794, 
1318, 1770, 1326, 1777, 
1347, 1772, 1376, 1794, 
1374, 1773, 1392, 1805, 
1395, 1773, 1404, 1799, 
1407, 1775, 1414, 1803, 
1419, 1773, 1431, 1792, 
1453, 1772, 1479, 1795, 
1481, 1773, 1500, 1795, 
203, 1716, 214, 1737, 
216, 1714, 227, 1740, 
227, 1716, 259, 1737, 
258, 1706, 278, 1733, 
277, 1716, 287, 1742, 
288, 1706, 309, 1736, 
321, 1716, 330, 1740, 
331, 1715, 350, 1736, 
348, 1716, 363, 1735, 
364, 1714, 382, 1736, 
392, 1715, 405, 1739, 
404, 1714, 425, 1746, 
428, 1717, 440, 1736, 
444, 1718, 470, 1737, 
484, 1718, 494, 1741, 
494, 1718, 514, 1734, 
514, 1714, 525, 1740, 
527, 1713, 544, 1735, 
556, 1715, 566, 1733, 
568, 1714, 577, 1740, 
582, 1714, 599, 1746, 
603, 1718, 610, 1743, 
614, 1714, 629, 1733, 
631, 1716, 647, 1734, 
651, 1718, 660, 1742, 
661, 1715, 674, 1737, 
678, 1717, 685, 1722, 
688, 1730, 696, 1742, 
699, 1732, 700, 1743, 
283, 1674, 288, 1683, 
291, 1670, 295, 1680, 
299, 1656, 322, 1681, 
324, 1655, 341, 1673, 
345, 1655, 355, 1677, 
368, 1655, 389, 1685, 
391, 1656, 404, 1676, 
409, 1655, 435, 1673, 
452, 1654, 469, 1674, 
469, 1653, 486, 1677, 
485, 1657, 507, 1676, 
521, 1654, 531, 1683, 
534, 1656, 542, 1681, 
555, 1657, 575, 1682, 
580, 1657, 594, 1675, 
609, 1656, 630, 1684, 
632, 1656, 646, 1677, 
647, 1656, 658, 1686, 
657, 1649, 674, 1674, 
678, 1657, 693, 1675, 
697, 1654, 715, 1685, 
716, 1656, 732, 1681, 
734, 1674, 739, 1684, 
743, 1670, 745, 1683, 
763, 1656, 776, 1673, 
780, 1656, 795, 1677, 
796, 1657, 810, 1680, 
811, 1657, 826, 1684, 
845, 1654, 866, 1684, 
869, 1657, 885, 1675, 
882, 1654, 906, 1676, 
906, 1654, 916, 1684, 
917, 1654, 934, 1677, 
948, 1646, 970, 1676, 
973, 1657, 985, 1677, 
988, 1656, 1008, 1675, 
1007, 1657, 1018, 1682, 
1020, 1657, 1032, 1677, 
1029, 1656, 1046, 1673, 
1047, 1655, 1065, 1674, 
1067, 1655, 1079, 1681, 
1078, 1655, 1087, 1682, 
1092, 1645, 1108, 1673, 
1112, 1655, 1118, 1661, 
1134, 1671, 1142, 1683, 
1144, 1673, 1150, 1681, 
1152, 1655, 1163, 1683, 
1162, 1656, 1174, 1679, 
1191, 1653, 1218, 1676, 
1218, 1655, 1234, 1676, 
1238, 1653, 1249, 1676, 
1268, 1658, 1295, 1675, 
1295, 1648, 1316, 1672, 
1331, 1658, 1342, 1684, 
1342, 1653, 1359, 1677, 
1361, 1655, 1375, 1674, 
1375, 1653, 1386, 1680, 
1403, 1655, 1418, 1675, 
1419, 1658, 1432, 1682, 
1434, 1656, 1442, 1684, 
1446, 1657, 1463, 1676, 
1463, 1655, 1478, 1673, 
1480, 1656, 1490, 1678, 
1490, 1653, 1498, 1659, 
200, 1594, 229, 1624, 
231, 1598, 246, 1616, 
251, 1597, 267, 1626, 
280, 1598, 291, 1620, 
302, 1595, 320, 1624, 
321, 1597, 330, 1624, 
336, 1593, 351, 1626, 
366, 1597, 375, 1617, 
377, 1595, 387, 1615, 
386, 1588, 409, 1614, 
419, 1597, 444, 1614, 
449, 1598, 457, 1620, 
458, 1597, 466, 1620, 
468, 1595, 490, 1622, 
501, 1595, 518, 1614, 
517, 1598, 526, 1625, 
528, 1594, 538, 1626, 
551, 1598, 577, 1617, 
578, 1589, 600, 1612, 
609, 1597, 622, 1615, 
626, 1596, 645, 1613, 
645, 1594, 663, 1615, 
665, 1596, 675, 1625, 
680, 1596, 686, 1599, 
696, 1595, 709, 1623, 
719, 1597, 734, 1617, 
738, 1596, 756, 1617, 
756, 1597, 776, 1613, 
777, 1613, 785, 1621, 
787, 1597, 798, 1617, 
801, 1596, 807, 1600, 
821, 1596, 830, 1623, 
834, 1611, 843, 1624, 
848, 1597, 877, 1614, 
890, 1595, 908, 1617, 
910, 1597, 925, 1613, 
937, 1589, 956, 1616, 
958, 1595, 978, 1617, 
980, 1596, 998, 1615, 
998, 1593, 1017, 1625, 
1030, 1596, 1047, 1617, 
1043, 1593, 1058, 1621, 
1068, 1597, 1074, 1623, 
1077, 1597, 1088, 1619, 
1089, 1594, 1095, 1600, 
1099, 1613, 1103, 1621, 
1106, 1614, 1113, 1620, 
284, 1550, 288, 1562, 
291, 1553, 292, 1564, 
296, 1537, 309, 1562, 
309, 1535, 321, 1559, 
323, 1554, 329, 1561, 
335, 1535, 347, 1556, 
365, 1537, 385, 1554, 
384, 1533, 403, 1553, 
406, 1533, 415, 1557, 
427, 1537, 441, 1558, 
441, 1534, 460, 1566, 
462, 1537, 479, 1556, 
477, 1536, 487, 1559, 
501, 1529, 522, 1552, 
521, 1534, 542, 1554, 
541, 1533, 562, 1554, 
564, 1551, 569, 1564, 
578, 1535, 586, 1555, 
588, 1535, 606, 1556, 
619, 1537, 641, 1555, 
640, 1533, 661, 1555, 
677, 1525, 693, 1555, 
697, 1534, 713, 1555, 
718, 1535, 733, 1557, 
738, 1537, 754, 1564, 
770, 1536, 787, 1555, 
784, 1534, 797, 1558, 
813, 1537, 823, 1563, 
821, 1534, 832, 1561, 
835, 1530, 842, 1542, 
844, 1551, 847, 1560, 
854, 1550, 859, 1560, 
874, 1535, 888, 1554, 
888, 1536, 907, 1557, 
906, 1537, 916, 1564, 
921, 1535, 936, 1566, 
953, 1535, 969, 1562, 
974, 1533, 992, 1557, 
994, 1536, 1003, 1555, 
1008, 1527, 1022, 1557, 
1027, 1533, 1040, 1556, 
1043, 1529, 1061, 1554, 
1080, 1534, 1087, 1564, 
1091, 1536, 1109, 1552, 
1109, 1537, 1128, 1557, 
1127, 1535, 1146, 1553, 
1149, 1533, 1165, 1556, 
1167, 1536, 1186, 1556, 
1188, 1534, 1196, 1563, 
1197, 1535, 1210, 1561, 
1211, 1535, 1226, 1556, 
1230, 1534, 1249, 1563, 
1249, 1527, 1257, 1555, 
1277, 1551, 1279, 1563, 
1280, 1553, 1286, 1564, 
1291, 1537, 1299, 1564, 
1299, 1534, 1309, 1557, 
1324, 1537, 1333, 1564, 
1337, 1535, 1348, 1557, 
1367, 1534, 1376, 1558, 
1379, 1537, 1394, 1564, 
1399, 1535, 1412, 1553, 
1412, 1536, 1423, 1561, 
1439, 1526, 1457, 1553, 
1459, 1537, 1475, 1556, 
1477, 1535, 1500, 1554, 
201, 1476, 221, 1506, 
221, 1476, 236, 1497, 
242, 1477, 259, 1496, 
265, 1492, 268, 1505, 
273, 1477, 286, 1499, 
296, 1478, 306, 1504, 
306, 1476, 323, 1495, 
327, 1475, 343, 1496, 
346, 1475, 366, 1505, 
374, 1476, 393, 1493, 
394, 1477, 405, 1500, 
416, 1476, 425, 1502, 
427, 1475, 436, 1497, 
447, 1477, 465, 1493, 
464, 1474, 479, 1497, 
489, 1469, 509, 1492, 
510, 1474, 527, 1494, 
529, 1477, 549, 1496, 
562, 1473, 575, 1496, 
577, 1474, 593, 1506, 
595, 1473, 612, 1495, 
617, 1476, 636, 1492, 
637, 1477, 644, 1506, 
647, 1475, 667, 1502, 
667, 1473, 672, 1480, 
680, 1493, 685, 1502, 
687, 1491, 690, 1504, 
283, 1434, 286, 1444, 
292, 1431, 295, 1441, 
295, 1415, 315, 1443, 
319, 1415, 335, 1437, 
338, 1417, 349, 1435, 
349, 1418, 369, 1443, 
368, 1415, 386, 1433, 
387, 1409, 408, 1436, 
408, 1414, 423, 1436, 
432, 1415, 453, 1437, 
454, 1417, 471, 1437, 
472, 1415, 484, 1438, 
485, 1407, 491, 1419, 
496, 1431, 498, 1444, 
506, 1430, 507, 1444, 
520, 1414, 540, 1444, 
545, 1413, 559, 1436, 
561, 1417, 584, 1432, 
583, 1414, 595, 1444, 
596, 1418, 611, 1436, 
625, 1413, 643, 1436, 
640, 1418, 659, 1436, 
663, 1413, 673, 1434, 
679, 1416, 706, 1433, 
709, 1413, 724, 1436, 
722, 1418, 737, 1434, 
740, 1413, 753, 1435, 
758, 1413, 776, 1446, 
788, 1417, 802, 1444, 
807, 1415, 822, 1434, 
822, 1407, 829, 1443, 
833, 1417, 850, 1434, 
850, 1413, 866, 1434, 
871, 1417, 878, 1440, 
882, 1414, 898, 1433, 
900, 1413, 915, 1445, 
919, 1415, 926, 1444, 
930, 1405, 950, 1435, 
951, 1416, 956, 1421, 
283, 1371, 287, 1381, 
291, 1371, 294, 1384, 
296, 1357, 322, 1383, 
323, 1355, 342, 1382, 
350, 1355, 356, 1381, 
368, 1357, 390, 1382, 
388, 1357, 406, 1373, 
417, 1347, 440, 1373, 
438, 1355, 459, 1376, 
459, 1354, 478, 1376, 
489, 1357, 507, 1382, 
507, 1358, 527, 1376, 
528, 1356, 545, 1374, 
549, 1353, 579, 1376, 
588, 1354, 608, 1385, 
607, 1356, 622, 1374, 
623, 1357, 641, 1373, 
641, 1355, 650, 1378, 
652, 1355, 673, 1384, 
672, 1354, 686, 1377, 
688, 1358, 700, 1375, 
716, 1357, 739, 1383, 
743, 1358, 752, 1383, 
751, 1358, 774, 1385, 
774, 1354, 792, 1374, 
792, 1355, 805, 1382, 
804, 1357, 822, 1376, 
820, 1348, 843, 1372, 
845, 1371, 850, 1384, 
856, 1357, 870, 1374, 
883, 1354, 891, 1379, 
892, 1354, 909, 1375, 
913, 1354, 923, 1376, 
926, 1355, 943, 1373, 
947, 1356, 960, 1374, 
966, 1353, 983, 1382, 
992, 1354, 1013, 1376, 
1015, 1348, 1032, 1377, 
1043, 1356, 1061, 1377, 
1061, 1349, 1080, 1377, 
1079, 1356, 1100, 1377, 
1099, 1356, 1109, 1382, 
1112, 1356, 1129, 1375, 
1131, 1354, 1147, 1384, 
1147, 1372, 1152, 1383, 
1155, 1373, 1161, 1384, 
279, 1297, 302, 1321, 
304, 1298, 324, 1325, 
327, 1294, 333, 1323, 
336, 1297, 350, 1316, 
367, 1295, 382, 1323, 
383, 1295, 400, 1314, 
397, 1295, 415, 1316, 
417, 1293, 431, 1318, 
432, 1298, 451, 1323, 
450, 1295, 466, 1314, 
467, 1295, 481, 1314, 
495, 1295, 520, 1323, 
525, 1298, 531, 1323, 
534, 1295, 556, 1322, 
554, 1296, 572, 1313, 
573, 1294, 584, 1322, 
587, 1295, 602, 1313, 
601, 1286, 621, 1313, 
635, 1293, 665, 1315, 
664, 1294, 685, 1315, 
684, 1293, 699, 1313, 
712, 1297, 723, 1319, 
725, 1298, 741, 1325, 
746, 1295, 762, 1313, 
778, 1296, 794, 1315, 
793, 1297, 804, 1325, 
806, 1296, 826, 1324, 
824, 1293, 841, 1315, 
840, 1294, 856, 1315, 
870, 1293, 889, 1326, 
888, 1296, 901, 1315, 
903, 1293, 922, 1315, 
924, 1294, 931, 1321, 
932, 1295, 954, 1322, 
954, 1296, 970, 1315, 
971, 1297, 982, 1316, 
999, 1297, 1018, 1314, 
1019, 1294, 1031, 1325, 
1046, 1298, 1076, 1321, 
1075, 1293, 1094, 1316, 
1095, 1294, 1114, 1317, 
1116, 1296, 1128, 1313, 
1128, 1297, 1140, 1320, 
1142, 1295, 1158, 1314, 
1161, 1296, 1177, 1316, 
1181, 1293, 1190, 1320, 
1190, 1298, 1198, 1321, 
1202, 1297, 1222, 1314, 
1237, 1295, 1256, 1321, 
1263, 1294, 1275, 1315, 
1276, 1294, 1296, 1314, 
1297, 1296, 1305, 1323, 
1311, 1297, 1325, 1316, 
1330, 1288, 1334, 1299, 
1352, 1295, 1370, 1317, 
1372, 1296, 1389, 1317, 
1390, 1293, 1411, 1323, 
1424, 1297, 1445, 1324, 
1444, 1294, 1460, 1316, 
1460, 1297, 1473, 1325, 
1471, 1294, 1488, 1326, 
1485, 1305, 1496, 1308, 
199, 1236, 220, 1264, 
221, 1237, 235, 1254, 
233, 1234, 250, 1256, 
252, 1237, 264, 1259, 
264, 1238, 285, 1264, 
287, 1234, 299, 1254, 
304, 1238, 315, 1257, 
339, 1235, 353, 1255, 
357, 1237, 369, 1265, 
391, 1237, 407, 1261, 
410, 1236, 425, 1256, 
429, 1236, 441, 1257, 
441, 1228, 461, 1255, 
463, 1236, 479, 1257, 
482, 1227, 499, 1255, 
523, 1236, 529, 1261, 
532, 1236, 554, 1254, 
553, 1237, 568, 1255, 
573, 1238, 592, 1257, 
590, 1236, 610, 1256, 
610, 1234, 632, 1256, 
633, 1237, 639, 1261, 
642, 1233, 654, 1259, 
655, 1237, 668, 1256, 
671, 1235, 691, 1262, 
693, 1227, 701, 1256, 
723, 1237, 740, 1253, 
757, 1235, 789, 1254, 
791, 1236, 807, 1255, 
806, 1235, 826, 1257, 
846, 1234, 865, 1253, 
868, 1234, 878, 1260, 
878, 1235, 887, 1260, 
893, 1237, 908, 1253, 
910, 1237, 918, 1255, 
921, 1236, 929, 1262, 
933, 1229, 951, 1255, 
970, 1235, 984, 1255, 
986, 1235, 1003, 1255, 
1008, 1236, 1015, 1261, 
1019, 1235, 1036, 1256, 
1039, 1234, 1051, 1254, 
1056, 1234, 1073, 1265, 
1075, 1227, 1079, 1242, 
1103, 1235, 1133, 1253, 
1131, 1235, 1153, 1262, 
1154, 1234, 1170, 1253, 
1193, 1234, 1213, 1264, 
1213, 1236, 1231, 1253, 
1229, 1235, 1247, 1266, 
1270, 1234, 1288, 1265, 
1291, 1236, 1301, 1260, 
1303, 1237, 1313, 1253, 
1318, 1233, 1328, 1253, 
1331, 1236, 1342, 1263, 
1342, 1225, 1359, 1256, 
1366, 1235, 1378, 1257, 
1379, 1236, 1392, 1260, 
1395, 1237, 1408, 1253, 
1411, 1234, 1429, 1266, 
1449, 1237, 1461, 1258, 
1461, 1236, 1481, 1263, 
1481, 1235, 1498, 1257, 
201, 1169, 218, 1197, 
222, 1174, 233, 1195, 
235, 1173, 248, 1193, 
250, 1174, 266, 1195, 
267, 1175, 278, 1200, 
282, 1175, 294, 1196, 
298, 1176, 312, 1194, 
323, 1168, 340, 1193, 
343, 1174, 362, 1194, 
360, 1178, 373, 1193, 
377, 1174, 385, 1200, 
402, 1177, 418, 1197, 
418, 1178, 433, 1206, 
443, 1177, 462, 1202, 
464, 1177, 475, 1204, 
476, 1176, 492, 1195, 
503, 1175, 515, 1204, 
518, 1175, 538, 1196, 
540, 1177, 551, 1195, 
552, 1176, 560, 1197, 
564, 1174, 579, 1194, 
582, 1174, 599, 1197, 
605, 1173, 619, 1195, 
622, 1168, 625, 1181, 
640, 1174, 670, 1194, 
673, 1175, 687, 1196, 
690, 1173, 705, 1196, 
717, 1178, 730, 1204, 
731, 1175, 738, 1201, 
739, 1177, 761, 1195, 
759, 1175, 772, 1204, 
770, 1177, 789, 1195, 
794, 1166, 810, 1195, 
822, 1178, 832, 1201, 
836, 1178, 853, 1197, 
870, 1177, 879, 1198, 
877, 1176, 897, 1204, 
900, 1175, 916, 1193, 
931, 1173, 944, 1193, 
944, 1173, 956, 1201, 
957, 1176, 967, 1195, 
972, 1174, 986, 1193, 
987, 1176, 1008, 1197, 
1006, 1166, 1024, 1196, 
1029, 1176, 1044, 1197, 
1044, 1174, 1056, 1194, 
1062, 1173, 1071, 1200, 
1086, 1176, 1101, 1193, 
1104, 1174, 1121, 1195, 
1124, 1177, 1143, 1202, 
1153, 1176, 1167, 1204, 
1166, 1177, 1184, 1193, 
1183, 1177, 1215, 1192, 
1218, 1175, 1233, 1195, 
1233, 1175, 1245, 1196, 
1246, 1177, 1256, 1201, 
1272, 1176, 1287, 1196, 
1290, 1176, 1306, 1197, 
1310, 1177, 1339, 1193, 
1341, 1167, 1358, 1193, 
1363, 1176, 1376, 1195, 
1380, 1174, 1397, 1194, 
1398, 1166, 1417, 1195, 
1418, 1167, 1423, 1180, 
1441, 1173, 1456, 1193, 
1458, 1175, 1480, 1194, 
1482, 1175, 1496, 1203, 
199, 1114, 221, 1145, 
221, 1114, 235, 1134, 
239, 1116, 258, 1144, 
268, 1106, 286, 1134, 
287, 1116, 307, 1133, 
311, 1116, 325, 1135, 
326, 1115, 337, 1136, 
338, 1114, 354, 1134, 
351, 1113, 367, 1134, 
368, 1116, 381, 1142, 
381, 1117, 396, 1133, 
401, 1117, 420, 1146, 
428, 1116, 457, 1136, 
459, 1118, 468, 1143, 
469, 1117, 477, 1138, 
479, 1115, 497, 1146, 
509, 1118, 530, 1146, 
531, 1116, 542, 1140, 
544, 1114, 553, 1134, 
565, 1116, 587, 1143, 
587, 1117, 600, 1137, 
601, 1117, 618, 1137, 
618, 1116, 633, 1140, 
632, 1114, 648, 1142, 
650, 1116, 665, 1137, 
670, 1116, 682, 1133, 
684, 1117, 695, 1133, 
699, 1115, 706, 1118, 
282, 1071, 287, 1084, 
288, 1072, 294, 1082, 
296, 1057, 355, 1082, 
354, 1055, 369, 1076, 
373, 1054, 385, 1081, 
395, 1055, 411, 1082, 
416, 1055, 421, 1084, 
426, 1056, 445, 1083, 
454, 1048, 476, 1072, 
477, 1055, 492, 1073, 
496, 1054, 513, 1076, 
524, 1054, 536, 1073, 
539, 1055, 558, 1076, 
560, 1045, 578, 1075, 
580, 1053, 595, 1082, 
598, 1072, 602, 1081, 
605, 1071, 610, 1083, 
621, 1056, 642, 1081, 
649, 1053, 660, 1075, 
662, 1056, 684, 1076, 
684, 1057, 696, 1082, 
693, 1057, 716, 1077, 
725, 1055, 740, 1076, 
744, 1058, 757, 1074, 
754, 1055, 765, 1084, 
769, 1054, 784, 1075, 
784, 1053, 805, 1084, 
813, 1055, 844, 1072, 
843, 1056, 856, 1084, 
856, 1057, 864, 1079, 
865, 1054, 885, 1082, 
896, 1057, 914, 1084, 
916, 1055, 932, 1073, 
934, 1055, 948, 1075, 
947, 1057, 961, 1077, 
964, 1056, 981, 1074, 
980, 1054, 995, 1077, 
996, 1055, 1004, 1062, 
1016, 1074, 1023, 1084, 
1025, 1070, 1031, 1084, 
1031, 1056, 1060, 1084, 
1061, 1056, 1081, 1073, 
1082, 1054, 1108, 1074, 
1120, 1056, 1140, 1082, 
1140, 1056, 1158, 1076, 
1168, 1046, 1191, 1072, 
1192, 1057, 1210, 1074, 
1210, 1057, 1231, 1074, 
1238, 1057, 1259, 1084, 
1258, 1056, 1277, 1077, 
1282, 1054, 1298, 1075, 
1300, 1055, 1330, 1073, 
1329, 1054, 1344, 1080, 
1350, 1071, 1353, 1081, 
1355, 1070, 1358, 1083, 
283, 1013, 285, 1021, 
290, 1014, 296, 1023, 
295, 997, 315, 1021, 
320, 997, 330, 1016, 
333, 995, 352, 1016, 
350, 996, 372, 1022, 
375, 997, 391, 1016, 
391, 997, 407, 1026, 
405, 987, 426, 1015, 
438, 994, 447, 1014, 
453, 997, 470, 1015, 
467, 996, 498, 1016, 
507, 995, 529, 1024, 
530, 996, 540, 1024, 
538, 998, 570, 1014, 
580, 998, 592, 1021, 
591, 995, 608, 1017, 
619, 995, 631, 1019, 
632, 997, 650, 1022, 
651, 997, 666, 1013, 
680, 996, 693, 1015, 
695, 994, 708, 1021, 
704, 998, 721, 1016, 
720, 997, 737, 1017, 
740, 993, 754, 1013, 
755, 994, 764, 1020, 
770, 996, 771, 999, 
776, 1013, 782, 1022, 
788, 1010, 791, 1024, 
280, 953, 286, 962, 
288, 951, 295, 963, 
295, 933, 324, 964, 
325, 933, 341, 956, 
342, 937, 356, 953, 
356, 937, 372, 957, 
390, 934, 400, 962, 
404, 934, 422, 957, 
439, 937, 472, 962, 
472, 937, 492, 954, 
494, 937, 509, 956, 
508, 937, 524, 955, 
529, 936, 546, 954, 
545, 937, 577, 955, 
578, 933, 589, 960, 
608, 935, 645, 961, 
647, 936, 668, 964, 
666, 934, 682, 955, 
686, 938, 697, 957, 
697, 937, 715, 953, 
733, 936, 744, 964, 
744, 936, 759, 953, 
774, 938, 792, 962, 
797, 936, 809, 953, 
815, 934, 828, 963, 
849, 938, 873, 960, 
877, 937, 893, 955, 
913, 929, 930, 955, 
934, 933, 949, 956, 
951, 935, 971, 956, 
987, 936, 1007, 965, 
1010, 936, 1027, 956, 
1031, 935, 1048, 954, 
1046, 936, 1075, 955, 
1078, 936, 1091, 962, 
1097, 953, 1102, 962, 
1103, 952, 1107, 960, 
1126, 936, 1149, 962, 
1150, 933, 1168, 957, 
1166, 937, 1186, 952, 
1190, 934, 1200, 962, 
1201, 936, 1217, 956, 
1236, 927, 1254, 959, 
1256, 936, 1273, 953, 
1277, 935, 1286, 960, 
1305, 936, 1323, 952, 
1324, 925, 1339, 954, 
1358, 936, 1374, 962, 
1375, 937, 1386, 953, 
1389, 934, 1402, 953, 
1409, 935, 1437, 956, 
1454, 937, 1474, 966, 
1475, 938, 1482, 963, 
1485, 934, 1499, 955, 
203, 874, 216, 897, 
219, 874, 239, 902, 
239, 875, 256, 895, 
255, 877, 265, 901, 
268, 876, 281, 894, 
279, 867, 289, 882, 
300, 876, 317, 893, 
320, 875, 332, 894, 
342, 873, 353, 899, 
354, 875, 372, 903, 
374, 874, 395, 894, 
396, 876, 416, 896, 
415, 865, 436, 898, 
434, 878, 453, 902, 
464, 876, 483, 897, 
486, 878, 505, 896, 
516, 873, 526, 897, 
525, 878, 545, 906, 
548, 875, 560, 895, 
574, 868, 592, 897, 
592, 874, 613, 897, 
615, 878, 623, 904, 
624, 874, 646, 893, 
644, 873, 653, 899, 
669, 875, 686, 897, 
688, 875, 698, 903, 
712, 875, 720, 894, 
725, 874, 736, 897, 
738, 875, 751, 893, 
752, 876, 768, 894, 
768, 877, 779, 899, 
777, 877, 787, 901, 
789, 877, 809, 893, 
809, 866, 828, 896, 
840, 874, 856, 896, 
860, 877, 871, 904, 
875, 877, 886, 905, 
895, 876, 910, 895, 
913, 873, 924, 900, 
937, 876, 954, 893, 
953, 878, 974, 893, 
974, 877, 990, 897, 
995, 875, 1009, 897, 
1011, 874, 1018, 882, 
283, 831, 286, 841, 
291, 831, 292, 842, 
297, 818, 308, 841, 
329, 816, 342, 835, 
344, 815, 373, 835, 
392, 813, 408, 837, 
411, 813, 426, 836, 
428, 816, 440, 835, 
442, 818, 455, 835, 
452, 805, 475, 835, 
492, 816, 501, 841, 
522, 815, 534, 839, 
533, 813, 548, 834, 
550, 816, 561, 843, 
565, 816, 582, 846, 
598, 806, 620, 835, 
622, 814, 640, 835, 
642, 814, 657, 836, 
661, 810, 665, 820, 
670, 833, 678, 843, 
682, 831, 682, 841, 
705, 814, 716, 837, 
717, 816, 734, 835, 
736, 818, 747, 840, 
750, 814, 765, 843, 
786, 816, 803, 844, 
807, 814, 821, 834, 
825, 815, 837, 834, 
838, 805, 855, 838, 
861, 813, 872, 833, 
878, 809, 897, 833, 
913, 814, 923, 841, 
924, 816, 944, 834, 
947, 816, 961, 837, 
962, 816, 982, 836, 
986, 817, 1002, 836, 
1002, 816, 1022, 834, 
1025, 818, 1033, 842, 
1034, 815, 1045, 839, 
1048, 814, 1064, 834, 
1064, 814, 1084, 844, 
1082, 807, 1091, 821, 
1113, 816, 1122, 834, 
1125, 814, 1144, 846, 
1147, 815, 1164, 833, 
1165, 815, 1183, 845, 
1184, 817, 1195, 842, 
1194, 814, 1211, 837, 
1217, 809, 1234, 838, 
1249, 818, 1270, 842, 
1274, 817, 1280, 844, 
1285, 814, 1295, 837, 
1314, 817, 1335, 844, 
1338, 815, 1351, 836, 
1353, 816, 1370, 833, 
1370, 816, 1387, 844, 
1406, 815, 1425, 833, 
1425, 814, 1436, 837, 
1451, 814, 1473, 845, 
1472, 818, 1485, 842, 
1486, 814, 1497, 833, 
201, 748, 222, 775, 
220, 754, 240, 777, 
239, 755, 261, 775, 
261, 757, 281, 774, 
283, 747, 298, 776, 
300, 756, 314, 775, 
320, 754, 329, 774, 
339, 754, 360, 782, 
361, 757, 376, 776, 
376, 756, 391, 777, 
397, 756, 407, 777, 
406, 758, 424, 786, 
428, 754, 441, 776, 
443, 754, 458, 777, 
460, 771, 467, 782, 
472, 757, 484, 776, 
498, 753, 513, 774, 
514, 758, 534, 775, 
534, 756, 549, 774, 
551, 755, 560, 780, 
564, 754, 575, 779, 
575, 755, 589, 774, 
594, 757, 624, 775, 
626, 757, 641, 773, 
643, 758, 661, 777, 
663, 753, 671, 779, 
676, 753, 678, 760, 
697, 770, 698, 783, 
701, 771, 707, 783, 
711, 758, 721, 783, 
734, 756, 747, 776, 
751, 755, 765, 777, 
767, 754, 785, 773, 
788, 754, 798, 781, 
807, 754, 817, 777, 
821, 755, 835, 774, 
850, 756, 864, 784, 
863, 757, 871, 782, 
872, 756, 892, 773, 
894, 754, 914, 785, 
926, 755, 941, 773, 
945, 754, 965, 775, 
966, 753, 973, 779, 
987, 755, 1013, 772, 
1014, 755, 1032, 782, 
1037, 757, 1053, 774, 
1051, 755, 1065, 776, 
1068, 755, 1084, 773, 
1095, 754, 1114, 783, 
1115, 756, 1131, 777, 
1143, 755, 1152, 780, 
1157, 753, 1167, 773, 
1180, 757, 1191, 782, 
1194, 755, 1199, 781, 
1204, 753, 1223, 774, 
1223, 754, 1234, 783, 
1236, 758, 1250, 773, 
1254, 746, 1270, 779, 
1275, 749, 1280, 759, 
1292, 755, 1310, 777, 
1310, 758, 1330, 777, 
1335, 756, 1353, 784, 
1362, 757, 1376, 773, 
1377, 754, 1392, 777, 
1396, 756, 1417, 775, 
1417, 753, 1424, 777, 
1438, 757, 1455, 784, 
1456, 755, 1465, 783, 
1468, 755, 1497, 774, 
198, 698, 217, 726, 
222, 697, 231, 721, 
231, 693, 244, 716, 
259, 698, 266, 723, 
270, 694, 298, 721, 
298, 694, 328, 723, 
340, 694, 346, 718, 
349, 697, 367, 713, 
380, 695, 402, 720, 
404, 694, 416, 717, 
416, 696, 434, 714, 
434, 693, 453, 726, 
456, 695, 468, 723, 
470, 698, 486, 713, 
487, 689, 494, 701, 
509, 693, 538, 713, 
537, 697, 558, 724, 
559, 696, 568, 724, 
569, 695, 584, 714, 
585, 694, 605, 725, 
618, 695, 626, 724, 
639, 688, 659, 717, 
661, 694, 678, 717, 
678, 696, 687, 721, 
690, 693, 708, 723, 
709, 693, 716, 701, 
726, 695, 750, 720, 
752, 694, 773, 725, 
773, 694, 782, 720, 
786, 693, 795, 713, 
811, 698, 817, 723, 
819, 696, 833, 716, 
846, 695, 856, 718, 
856, 694, 876, 723, 
880, 695, 894, 717, 
904, 696, 920, 713, 
925, 696, 942, 717, 
943, 696, 954, 716, 
958, 697, 987, 713, 
990, 695, 1002, 713, 
1005, 696, 1017, 713, 
1026, 697, 1046, 726, 
1050, 694, 1062, 713, 
1078, 694, 1090, 716, 
1093, 695, 1107, 714, 
1108, 694, 1129, 714, 
1130, 695, 1138, 719, 
1151, 697, 1178, 715, 
1181, 696, 1195, 716, 
1199, 694, 1204, 700, 
1211, 711, 1216, 720, 
1220, 713, 1221, 721, 
282, 636, 309, 660, 
308, 635, 329, 654, 
328, 637, 347, 664, 
363, 636, 383, 664, 
384, 635, 401, 657, 
401, 636, 412, 654, 
414, 627, 436, 655, 
437, 634, 452, 657, 
454, 625, 474, 654, 
489, 635, 496, 663, 
498, 637, 520, 655, 
517, 636, 537, 657, 
535, 637, 556, 656, 
560, 633, 575, 657, 
577, 634, 594, 655, 
595, 636, 606, 664, 
606, 637, 616, 660, 
621, 634, 637, 656, 
638, 636, 658, 664, 
671, 634, 682, 660, 
679, 633, 700, 656, 
699, 636, 716, 655, 
718, 638, 742, 664, 
755, 633, 770, 656, 
783, 637, 801, 653, 
804, 634, 823, 655, 
822, 634, 832, 661, 
837, 634, 853, 655, 
868, 638, 877, 663, 
879, 634, 890, 653, 
892, 634, 908, 654, 
914, 636, 941, 654, 
956, 635, 973, 654, 
978, 636, 996, 653, 
997, 637, 1016, 663, 
1016, 637, 1031, 655, 
1031, 638, 1044, 657, 
1059, 636, 1074, 654, 
1091, 625, 1109, 653, 
1109, 636, 1129, 653, 
1127, 626, 1144, 655, 
1149, 635, 1165, 657, 
1166, 634, 1180, 656, 
1182, 645, 1191, 649, 
1190, 637, 1222, 655, 
1220, 635, 1235, 656, 
1239, 637, 1248, 663, 
1251, 625, 1271, 656, 
1269, 634, 1289, 665, 
1291, 634, 1299, 659, 
1315, 636, 1331, 657, 
1333, 637, 1350, 657, 
1353, 634, 1372, 662, 
1385, 636, 1404, 662, 
1403, 634, 1423, 657, 
1423, 636, 1439, 656, 
1445, 634, 1460, 665, 
1462, 637, 1476, 656, 
1481, 634, 1499, 664, 
203, 576, 209, 601, 
209, 576, 221, 598, 
230, 577, 242, 599, 
245, 575, 263, 593, 
276, 578, 292, 602, 
295, 575, 303, 602, 
308, 573, 320, 594, 
328, 575, 349, 605, 
351, 574, 362, 596, 
363, 573, 381, 594, 
385, 573, 396, 599, 
395, 574, 416, 606, 
415, 577, 433, 593, 
431, 575, 445, 595, 
448, 575, 454, 581, 
280, 517, 300, 543, 
308, 515, 319, 534, 
320, 516, 342, 533, 
344, 517, 350, 541, 
353, 517, 375, 534, 
389, 515, 399, 537, 
399, 515, 417, 536, 
419, 515, 434, 533, 
436, 515, 454, 544, 
470, 517, 478, 542, 
482, 517, 498, 534, 
513, 514, 523, 541, 
524, 518, 543, 546, 
545, 514, 560, 533, 
579, 505, 595, 535, 
597, 514, 613, 532, 
618, 517, 632, 535, 
635, 513, 650, 536, 
650, 514, 666, 534, 
664, 509, 672, 518, 
688, 518, 701, 544, 
701, 516, 721, 535, 
719, 518, 750, 533, 
753, 515, 759, 543, 
764, 514, 772, 544, 
771, 514, 782, 541, 
787, 515, 801, 534, 
803, 518, 812, 533, 
831, 514, 850, 544, 
848, 515, 867, 535, 
865, 516, 887, 533, 
889, 514, 905, 546, 
907, 513, 932, 533, 
937, 517, 947, 533, 
951, 515, 960, 542, 
962, 515, 968, 537, 
970, 515, 979, 542, 
981, 518, 1003, 534, 
1004, 505, 1023, 539, 
1026, 514, 1031, 534, 
1046, 534, 1054, 540, 
1055, 530, 1059, 543, 
1064, 515, 1075, 542, 
1089, 517, 1110, 543, 
1110, 515, 1128, 534, 
1132, 514, 1160, 534, 
1159, 516, 1178, 542, 
1183, 518, 1192, 544, 
1192, 506, 1213, 533, 
1224, 517, 1242, 542, 
1245, 515, 1262, 534, 
1262, 506, 1280, 538, 
1295, 509, 1318, 535, 
1318, 516, 1334, 537, 
1337, 514, 1356, 536, 
1369, 515, 1382, 540, 
1382, 515, 1400, 537, 
1413, 514, 1425, 545, 
1425, 514, 1444, 536, 
1445, 516, 1459, 534, 
1462, 514, 1479, 533, 
1481, 515, 1495, 537, 
200, 456, 230, 477, 
231, 457, 245, 474, 
266, 455, 278, 482, 
278, 455, 298, 474, 
318, 447, 333, 475, 
337, 455, 352, 477, 
353, 456, 372, 475, 
372, 456, 389, 474, 
389, 455, 403, 476, 
407, 454, 412, 459, 
436, 456, 458, 484, 
458, 457, 481, 484, 
481, 455, 498, 473, 
497, 457, 509, 478, 
511, 470, 515, 482, 
521, 454, 536, 474, 
554, 455, 565, 480, 
565, 455, 586, 486, 
587, 455, 602, 473, 
622, 457, 641, 474, 
644, 458, 661, 475, 
663, 458, 671, 483, 
675, 449, 695, 472, 
712, 456, 723, 483, 
727, 455, 741, 475, 
742, 453, 762, 473, 
761, 455, 781, 473, 
780, 457, 793, 476, 
814, 457, 826, 483, 
844, 455, 861, 474, 
864, 453, 878, 474, 
880, 457, 897, 486, 
915, 457, 935, 473, 
937, 458, 949, 486, 
966, 456, 997, 476, 
997, 448, 1018, 474, 
1039, 447, 1056, 475, 
1057, 456, 1071, 477, 
1068, 453, 1087, 474, 
1090, 453, 1105, 476, 
1108, 457, 1117, 483, 
1116, 455, 1135, 475, 
1139, 453, 1154, 475, 
1160, 456, 1169, 473, 
1192, 455, 1210, 485, 
1208, 455, 1223, 476, 
1225, 454, 1242, 476, 
1242, 457, 1252, 481, 
1255, 456, 1275, 482, 
1277, 453, 1292, 474, 
1294, 454, 1306, 476, 
1308, 457, 1319, 473, 
1323, 455, 1330, 462, 
1329, 464, 1372, 464, 
1370, 454, 1400, 482, 
1401, 458, 1410, 483, 
1412, 456, 1429, 486, 
1434, 457, 1448, 474, 
1451, 454, 1461, 482, 
1465, 455, 1479, 475, 
1479, 448, 1498, 475, 
203, 395, 223, 421, 
226, 393, 239, 416, 
240, 396, 264, 412, 
263, 395, 270, 420, 
272, 397, 294, 417, 
296, 397, 300, 402, 
306, 413, 311, 422, 
315, 414, 319, 423, 
280, 337, 300, 364, 
307, 336, 319, 353, 
322, 337, 342, 352, 
345, 338, 354, 364, 
356, 338, 375, 355, 
387, 338, 398, 356, 
398, 333, 413, 353, 
417, 337, 433, 355, 
436, 335, 454, 363, 
467, 337, 474, 362, 
479, 333, 489, 361, 
489, 330, 497, 341, 
512, 335, 528, 354, 
529, 334, 545, 354, 
548, 336, 566, 365, 
580, 333, 610, 354, 
608, 336, 621, 360, 
621, 337, 631, 361, 
630, 336, 652, 363, 
650, 336, 668, 355, 
672, 336, 691, 354, 
691, 334, 701, 361, 
714, 335, 725, 355, 
726, 333, 743, 354, 
745, 338, 755, 362, 
759, 334, 768, 355, 
775, 337, 784, 363, 
785, 335, 803, 356, 
805, 327, 824, 359, 
836, 338, 852, 362, 
854, 335, 864, 364, 
865, 333, 882, 355, 
894, 335, 911, 366, 
916, 333, 929, 356, 
931, 334, 947, 357, 
952, 333, 970, 364, 
982, 337, 996, 353, 
999, 337, 1007, 359, 
1011, 337, 1024, 356, 
1028, 334, 1045, 355, 
1048, 336, 1065, 362, 
1082, 333, 1110, 355, 
1107, 335, 1120, 364, 
1120, 333, 1133, 359, 
1132, 334, 1148, 363, 
1165, 335, 1176, 357, 
1175, 336, 1194, 363, 
1193, 335, 1210, 356, 
1224, 334, 1241, 355, 
1245, 337, 1260, 357, 
1263, 335, 1276, 357, 
1278, 334, 1293, 356, 
1303, 336, 1314, 362, 
1318, 336, 1335, 355, 
1346, 338, 1368, 362, 
1368, 334, 1380, 364, 
1379, 337, 1391, 355, 
1408, 335, 1424, 365, 
1428, 337, 1444, 356, 
1445, 335, 1463, 353, 
1463, 333, 1485, 363, 
1485, 336, 1500, 356, 
202, 273, 217, 293, 
218, 268, 237, 293, 
238, 266, 257, 297, 
260, 274, 278, 295, 
282, 277, 294, 297, 
297, 278, 308, 302, 
307, 277, 315, 298, 
320, 277, 333, 294, 
346, 275, 367, 303, 
370, 275, 382, 294, 
388, 274, 397, 294, 
398, 265, 418, 295, 
421, 273, 434, 293, 
436, 269, 456, 294, 
469, 274, 479, 303, 
482, 273, 499, 292, 
500, 276, 515, 296, 
517, 275, 536, 295, 
541, 273, 556, 293, 
556, 277, 577, 296, 
580, 275, 587, 301, 
588, 273, 599, 301, 
601, 274, 616, 293, 
620, 274, 635, 303, 
639, 276, 645, 281, 
278, 214, 302, 241, 
303, 215, 322, 243, 
328, 213, 342, 235, 
340, 217, 355, 235, 
359, 213, 372, 236, 
387, 215, 416, 232, 
416, 213, 432, 233, 
434, 216, 446, 235, 
463, 215, 480, 236, 
495, 215, 507, 236, 
509, 213, 519, 240, 
520, 214, 530, 234, 
531, 215, 550, 233, 
556, 209, 573, 238, 
574, 209, 592, 237, 
593, 217, 603, 246, 
604, 217, 619, 236, 
634, 216, 647, 243, 
645, 216, 664, 235, 
678, 217, 698, 244, 
701, 218, 710, 241, 
713, 216, 723, 234, 
737, 215, 757, 245, 
757, 215, 772, 235, 
777, 217, 793, 236, 
793, 214, 808, 233, 
809, 213, 816, 241, 
833, 215, 847, 244, 
850, 217, 865, 234, 
870, 215, 881, 239, 
879, 215, 910, 234, 
910, 214, 923, 233, 
930, 213, 941, 235, 
943, 214, 964, 234, 
980, 217, 986, 239, 
989, 218, 1009, 242, 
1011, 217, 1027, 237, 
1042, 213, 1061, 243, 
1061, 215, 1074, 236, 
1080, 215, 1093, 235, 
1093, 218, 1101, 244, 
1105, 215, 1118, 233, 
1117, 217, 1133, 234, 
1146, 216, 1160, 239, 
1162, 217, 1177, 235, 
1192, 215, 1207, 245, 
1208, 215, 1225, 237, 
1228, 215, 1237, 233, 
1240, 205, 1258, 235, 
1259, 214, 1273, 237, 
1277, 213, 1285, 237, 
1303, 218, 1322, 245, 
1320, 218, 1329, 241, 
1331, 215, 1344, 237, 
1362, 216, 1381, 236, 
1380, 215, 1402, 235, 
1403, 217, 1420, 246, 
1420, 215, 1440, 236, 
1440, 209, 1457, 236, 
1460, 207, 1475, 235, 
1480, 205, 1498, 233, 
